日期,开盘,收盘,最高,最低,成交量,成交额,振幅,涨跌幅,涨跌额,换手率
2022-01-04,5307.19,5310.65,5319.92,5275.46,221319491,264431783936.0,0.84,0.32,16.79,0.62
2022-01-05,5303.53,5295.03,5330.0,5277.99,231652086,274319949824.0,0.98,-0.29,-15.62,0.64
2022-01-06,5279.21,5302.9,5315.03,5276.82,209007729,249759399936.0,0.72,0.15,7.87,0.58
2022-01-07,5308.21,5351.77,5380.63,5308.21,252502479,266914152448.0,1.37,0.92,48.87,0.7
2022-01-10,5353.46,5376.32,5383.87,5334.03,204799470,231688097792.0,0.93,0.46,24.55,0.57
2022-01-11,5374.75,5370.64,5427.08,5363.11,203633034,230499377152.0,1.19,-0.11,-5.68,0.57
2022-01-12,5379.2,5366.62,5381.82,5324.82,191364388,219346243584.0,1.06,-0.07,-4.02,0.53
2022-01-13,5368.25,5331.81,5402.61,5330.26,207264394,236044763136.0,1.35,-0.65,-34.81,0.58
2022-01-14,5317.5,5230.08,5317.5,5227.44,210270451,229556039680.0,1.69,-1.91,-101.73,0.58
2022-01-17,5228.93,5245.36,5256.02,5227.33,164474104,202657837056.0,0.55,0.29,15.28,0.46
2022-01-18,5247.3,5342.66,5355.68,5238.24,209319447,230613135360.0,2.24,1.85,97.3,0.58
2022-01-19,5338.26,5356.97,5378.54,5332.38,189331277,217368473600.0,0.86,0.27,14.31,0.53
2022-01-20,5356.28,5391.99,5417.55,5343.42,215225147,243194007552.0,1.38,0.65,35.02,0.6
2022-01-21,5380.51,5335.92,5385.1,5329.09,182113692,223914967040.0,1.04,-1.04,-56.07,0.51
2022-01-24,5321.11,5338.06,5362.09,5293.72,155559488,187190874112.0,1.28,0.04,2.14,0.43
2022-01-25,5311.2,5188.58,5316.03,5188.58,182929856,201800507392.0,2.39,-2.8,-149.48,0.51
2022-01-26,5203.47,5232.71,5239.5,5183.31,146516718,174155743232.0,1.08,0.85,44.13,0.41
2022-01-27,5224.59,5171.4,5238.32,5169.57,156409641,187240366080.0,1.31,-1.17,-61.31,0.43
2022-01-28,5190.73,5110.37,5201.0,5106.75,170808755,199419244544.0,1.82,-1.18,-61.03,0.47
2022-02-07,5178.8,5275.65,5279.62,5178.8,202284631,210017882112.0,1.97,3.23,165.28,0.56
2022-02-08,5281.51,5362.52,5362.89,5266.05,224846909,224785420288.0,1.84,1.65,86.87,0.63
2022-02-09,5358.95,5379.07,5397.42,5352.63,207085729,222812749824.0,0.84,0.31,16.55,0.58
2022-02-10,5374.65,5429.42,5429.42,5353.28,214388186,229602713600.0,1.42,0.94,50.35,0.6
2022-02-11,5414.51,5424.87,5481.31,5407.95,212153649,246753800192.0,1.35,-0.08,-4.55,0.59
2022-02-14,5406.3,5322.59,5408.06,5303.07,185107274,208734466048.0,1.94,-1.89,-102.28,0.51
2022-02-15,5314.73,5299.0,5323.67,5267.46,150921953,183496527872.0,1.06,-0.44,-23.59,0.42
2022-02-16,5316.44,5346.53,5370.28,5316.26,146978716,166191132672.0,1.02,0.9,47.53,0.41
2022-02-17,5345.19,5333.49,5354.81,5320.72,158134945,181420437504.0,0.64,-0.24,-13.04,0.44
2022-02-18,5311.37,5407.74,5407.87,5306.17,168496727,177793011712.0,1.91,1.39,74.25,0.47
2022-02-21,5397.86,5400.06,5403.67,5354.36,157535956,176763924480.0,0.91,-0.14,-7.68,0.44
2022-02-22,5367.82,5342.59,5374.89,5310.72,176410657,202610847744.0,1.19,-1.06,-57.47,0.49
2022-02-23,5344.0,5335.64,5350.8,5305.8,172931630,208285970432.0,0.84,-0.13,-6.95,0.48
2022-02-24,5313.39,5237.89,5325.21,5202.38,270713638,300313751552.0,2.3,-1.83,-97.75,0.75
2022-02-25,5256.85,5241.4,5294.0,5222.24,221735962,235040669696.0,1.37,0.07,3.51,0.62
2022-02-28,5235.14,5248.78,5249.35,5193.63,200296727,217676357632.0,1.06,0.14,7.38,0.56
2022-03-01,5259.18,5296.14,5301.1,5253.57,186415780,223816765440.0,0.91,0.9,47.36,0.52
2022-03-02,5278.42,5301.88,5309.74,5275.41,186531694,202267418624.0,0.65,0.11,5.74,0.52
2022-03-03,5319.08,5360.09,5368.11,5319.08,249935969,247864557568.0,0.92,1.1,58.21,0.69
2022-03-04,5335.7,5308.91,5338.52,5284.03,226532206,232391036928.0,1.02,-0.95,-51.18,0.63
2022-03-07,5298.58,5238.29,5311.67,5221.75,241250924,267036958720.0,1.69,-1.33,-70.62,0.67
2022-03-08,5226.54,5105.76,5232.52,5096.6,252944312,276338114560.0,2.59,-2.53,-132.53,0.7
2022-03-09,5117.62,5042.28,5146.0,4878.96,275398323,290685906944.0,5.23,-1.24,-63.48,0.77
2022-03-10,5111.78,5078.27,5127.94,5063.2,211489426,250516643840.0,1.28,0.71,35.99,0.59
2022-03-11,5027.95,5091.9,5103.84,4959.58,216689644,248302260224.0,2.84,0.27,13.63,0.6
2022-03-14,5028.1,4977.66,5102.06,4977.66,188099589,224970735616.0,2.44,-2.24,-114.24,0.52
2022-03-15,4938.02,4693.06,4938.02,4693.06,283109824,297270288384.0,4.92,-5.72,-284.6,0.79
2022-03-16,4754.82,4847.84,4866.54,4635.03,258491072,295715971072.0,4.93,3.3,154.78,0.72
2022-03-17,4915.94,4896.2,4961.55,4880.19,233193620,290025488384.0,1.68,1.0,48.36,0.65
2022-03-18,4882.3,5009.4,5020.66,4871.74,207224832,234222407680.0,3.04,2.31,113.2,0.58
2022-03-21,5011.65,4989.55,5017.96,4950.34,188711478,217662685184.0,1.35,-0.4,-19.85,0.52
2022-03-22,4979.7,5049.02,5071.12,4977.06,192470835,208762175488.0,1.89,1.19,59.47,0.54
2022-03-23,5049.18,5047.86,5067.66,5004.5,184648507,209766961152.0,1.25,-0.02,-1.16,0.51
2022-03-24,5023.04,5033.57,5057.11,5013.88,169177318,199025410048.0,0.86,-0.28,-14.29,0.47
2022-03-25,5026.14,4995.41,5059.01,4993.86,170480584,198074830848.0,1.29,-0.76,-38.16,0.47
2022-03-28,4965.43,5042.71,5056.79,4930.99,184933988,200734224384.0,2.52,0.95,47.3,0.51
2022-03-29,5037.92,5028.9,5053.1,5013.34,162812001,191117611008.0,0.79,-0.27,-13.81,0.45
2022-03-30,5040.3,5114.88,5117.3,5038.81,198845012,228150239232.0,1.56,1.71,85.98,0.55
2022-03-31,5102.52,5122.63,5162.52,5097.23,213570665,228260610048.0,1.28,0.15,7.75,0.59
2022-04-01,5092.91,5176.82,5176.88,5086.29,207849495,224793825280.0,1.77,1.06,54.19,0.58
2022-04-06,5167.05,5251.62,5258.65,5162.94,247711562,242717659136.0,1.85,1.44,74.8,0.69
2022-04-07,5224.02,5172.26,5258.66,5171.77,226209572,214378295296.0,1.65,-1.51,-79.36,0.63
2022-04-08,5184.97,5242.16,5246.58,5148.13,232447606,229319282688.0,1.9,1.35,69.9,0.65
2022-04-11,5229.32,5144.16,5229.32,5126.85,240152963,249536339968.0,1.95,-1.87,-98.0,0.67
2022-04-12,5132.8,5172.6,5196.2,5093.02,233515814,238673944576.0,2.01,0.55,28.44,0.65
2022-04-13,5151.9,5152.87,5217.21,5130.34,217979889,223802847232.0,1.68,-0.38,-19.73,0.61
2022-04-14,5175.06,5211.04,5234.54,5161.8,205197084,222590599168.0,1.41,1.13,58.17,0.57
2022-04-15,5191.57,5200.11,5244.67,5188.31,226865907,230458785792.0,1.08,-0.21,-10.93,0.63
2022-04-18,5156.69,5117.01,5162.56,5103.41,192010209,201279651840.0,1.14,-1.6,-83.1,0.53
2022-04-19,5110.22,5145.07,5158.98,5104.54,180526415,194459799552.0,1.06,0.55,28.06,0.5
2022-04-20,5138.8,5040.41,5143.95,5027.76,191514427,198798569472.0,2.26,-2.03,-104.66,0.53
2022-04-21,5024.03,4946.11,5055.57,4929.56,203808678,205893148672.0,2.5,-1.87,-94.3,0.57
2022-04-22,4913.79,5004.3,5022.73,4906.17,181470802,182747852800.0,2.36,1.18,58.19,0.5
2022-04-25,4925.32,4786.7,4963.78,4786.7,247807557,244108038144.0,3.54,-4.35,-217.6,0.69
2022-04-26,4793.17,4744.81,4854.57,4735.34,230988646,226944937984.0,2.49,-0.88,-41.89,0.64
2022-04-27,4729.99,4821.42,4822.62,4719.78,243702036,244117987328.0,2.17,1.61,76.61,0.68
2022-04-28,4804.97,4894.33,4900.54,4799.0,213094252,220714831872.0,2.11,1.51,72.91,0.59
2022-04-29,4902.75,4976.31,4982.53,4864.8,243742730,250993135616.0,2.41,1.68,81.98,0.68
2022-05-05,4978.52,4982.6,5011.41,4957.92,218646666,229145214976.0,1.07,0.13,6.29,0.61
2022-05-06,4895.53,4851.21,4912.42,4840.28,190855173,185702428672.0,1.45,-2.64,-131.39,0.53
2022-05-09,4831.5,4849.08,4871.88,4818.67,154140413,155266072576.0,1.1,-0.04,-2.13,0.43
2022-05-10,4790.36,4896.51,4907.67,4759.9,204613120,205221502976.0,3.05,0.98,47.43,0.57
2022-05-11,4890.35,4891.67,4945.02,4885.49,229919107,250268946432.0,1.22,-0.1,-4.84,0.64
2022-05-12,4873.44,4865.91,4904.68,4830.89,177186276,184170700800.0,1.51,-0.53,-25.76,0.49
2022-05-13,4881.9,4936.23,4936.23,4881.9,170241774,176122183680.0,1.12,1.45,70.32,0.47
2022-05-16,4965.09,4932.17,4968.07,4903.29,175281221,182402809856.0,1.31,-0.08,-4.06,0.49
2022-05-17,4931.16,4937.1,4937.26,4887.88,172983916,182905495552.0,1.0,0.1,4.93,0.48
2022-05-18,4936.8,4910.57,4941.63,4891.82,160247060,172596035584.0,1.01,-0.54,-26.53,0.45
2022-05-19,4852.72,4937.63,4937.63,4846.69,172031539,185461071872.0,1.85,0.55,27.06,0.48
2022-05-20,4948.61,5008.53,5009.66,4948.18,205521866,228215922688.0,1.25,1.44,70.9,0.57
2022-05-23,5011.54,4989.61,5011.54,4966.82,192128097,200706871296.0,0.89,-0.38,-18.92,0.53
2022-05-24,4996.43,4890.21,5006.09,4890.21,225472952,229070450688.0,2.32,-1.99,-99.4,0.63
2022-05-25,4891.73,4961.66,4961.87,4887.72,184390641,180805496832.0,1.52,1.46,71.45,0.51
2022-05-26,4972.28,4998.63,5014.68,4943.05,206322532,206706573312.0,1.44,0.75,36.97,0.57
2022-05-27,5011.49,5010.88,5030.26,4982.92,191060047,194899861504.0,0.95,0.25,12.25,0.53
2022-05-30,5026.55,5002.22,5031.27,4981.08,182802929,192457703424.0,1.0,-0.17,-8.66,0.51
2022-05-31,5002.45,5019.62,5025.48,4989.05,199664284,223824064512.0,0.73,0.35,17.4,0.56
2022-06-01,5012.27,5013.29,5026.25,4976.68,187733391,194676527104.0,0.99,-0.13,-6.33,0.52
2022-06-02,4994.74,4998.53,5003.95,4978.15,186975104,195531218944.0,0.51,-0.29,-14.76,0.52
2022-06-06,4991.91,5012.8,5014.18,4954.69,232425254,256151887872.0,1.19,0.29,14.27,0.65
2022-06-07,5006.79,5025.48,5040.98,4995.2,219827963,249117446144.0,0.91,0.25,12.68,0.61
2022-06-08,5032.86,5056.78,5056.89,4986.15,244671178,269292253184.0,1.41,0.62,31.3,0.68
2022-06-09,5050.2,5064.68,5104.12,5045.02,249941023,260691599360.0,1.17,0.16,7.9,0.69
2022-06-10,5027.78,5108.65,5114.58,5020.75,264551101,282346045440.0,1.85,0.87,43.97,0.74
2022-06-13,5068.13,5032.56,5076.3,4999.2,268785121,291001245696.0,1.51,-1.49,-76.09,0.75
2022-06-14,4992.37,5113.09,5114.61,4976.37,272744668,288263495680.0,2.75,1.6,80.53,0.76
2022-06-15,5109.26,5180.03,5261.25,5108.0,348382290,380726632448.0,3.0,1.31,66.94,0.97
2022-06-16,5175.33,5100.14,5189.51,5095.49,261435067,290446864384.0,1.82,-1.54,-79.89,0.73
2022-06-17,5071.71,5117.8,5126.91,5054.07,227828042,272597028864.0,1.43,0.35,17.66,0.63
2022-06-20,5106.51,5093.13,5115.95,5073.5,243143181,287448412160.0,0.83,-0.48,-24.67,0.68
2022-06-21,5091.95,5104.28,5130.05,5066.76,231629957,252592357376.0,1.24,0.22,11.15,0.64
2022-06-22,5108.03,5039.91,5108.23,5039.91,223161198,234434060288.0,1.34,-1.26,-64.37,0.62
2022-06-23,5044.1,5106.26,5106.26,5037.67,242188685,257055432704.0,1.36,1.32,66.35,0.67
2022-06-24,5102.36,5104.31,5112.37,5077.97,229598039,271809269760.0,0.67,-0.04,-1.95,0.64
2022-06-27,5116.01,5137.84,5156.99,5110.64,245723205,295940825088.0,0.91,0.66,33.53,0.68
2022-06-28,5137.07,5172.81,5177.95,5117.02,242414351,281300393984.0,1.19,0.68,34.97,0.67
2022-06-29,5158.36,5145.55,5196.16,5140.97,259286505,299981463552.0,1.07,-0.53,-27.26,0.72
2022-06-30,5137.93,5164.81,5188.84,5135.86,217842337,275236917248.0,1.03,0.37,19.26,0.61
2022-07-01,5170.3,5160.08,5185.66,5149.85,198901819,245122318336.0,0.69,-0.09,-4.73,0.55
2022-07-04,5153.45,5164.28,5165.3,5130.51,204659796,261708472320.0,0.67,0.08,4.2,0.57
2022-07-05,5170.88,5175.64,5198.32,5139.57,245495160,282035032064.0,1.14,0.22,11.36,0.68
2022-07-06,5157.47,5086.79,5157.47,5062.38,234670298,272009285632.0,1.84,-1.72,-88.85,0.65
2022-07-07,5081.68,5089.66,5109.47,5068.9,193934615,231937208320.0,0.8,0.06,2.87,0.54
2022-07-08,5107.03,5090.66,5119.97,5084.92,181003423,216485531648.0,0.69,0.02,1.0,0.5
2022-07-11,5074.05,5050.36,5074.05,5036.41,200134433,225138868224.0,0.74,-0.79,-40.3,0.56
2022-07-12,5035.04,5044.69,5077.01,5033.62,192650953,215251333000.0,0.86,-0.11,-5.67,0.54
2022-07-13,5044.62,5028.33,5051.76,5014.12,191321416,210059052307.0,0.75,-0.32,-16.36,0.53
2022-07-14,5016.27,4967.95,5016.27,4955.2,205605101,229538140805.0,1.21,-1.2,-60.38,0.57
2022-07-15,4934.13,4851.06,4953.8,4851.06,218130538,245684646884.0,2.07,-2.35,-116.89,0.61
2022-07-18,4862.11,4945.88,4945.97,4862.11,197421429,219008671786.0,1.73,1.95,94.82,0.55
2022-07-19,4946.56,4947.57,4956.47,4914.46,172401077,194520697877.0,0.85,0.03,1.69,0.48
2022-07-20,4965.54,4961.62,4971.14,4949.25,157834894,180854402580.0,0.44,0.28,14.05,0.44
2022-07-21,4947.19,4889.67,4947.19,4889.67,178813247,199037973381.0,1.16,-1.45,-71.95,0.5
2022-07-22,4895.36,4894.28,4922.56,4864.93,157139272,183538920975.0,1.18,0.09,4.61,0.44
2022-07-25,4894.04,4876.01,4899.88,4867.41,140049683,162348834859.0,0.66,-0.37,-18.27,0.39
2022-07-26,4878.76,4922.03,4929.96,4874.9,135007628,160070648623.0,1.13,0.94,46.02,0.38
2022-07-27,4915.69,4903.01,4915.69,4894.22,125780342,157695064869.0,0.44,-0.39,-19.02,0.35
2022-07-28,4913.66,4901.98,4933.28,4898.95,148710279,185699318297.0,0.7,-0.02,-1.03,0.41
2022-07-29,4903.28,4857.42,4923.15,4849.99,166166113,198097922960.0,1.49,-0.91,-44.56,0.46
2022-08-01,4849.79,4842.66,4854.29,4810.87,154805579,189279349008.0,0.89,-0.3,-14.76,0.43
2022-08-02,4806.0,4733.11,4806.0,4685.52,211793268,223404527720.0,2.49,-2.26,-109.55,0.59
2022-08-03,4732.82,4682.9,4769.85,4680.62,164782722,203431570198.0,1.89,-1.06,-50.21,0.46
2022-08-04,4706.17,4716.95,4718.72,4678.18,131473843,169953787254.0,0.87,0.73,34.05,0.37
2022-08-05,4723.82,4764.98,4767.6,4702.85,139056000,180095350026.0,1.37,1.02,48.03,0.39
2022-08-08,4755.84,4769.23,4781.67,4752.03,127694367,166544529156.0,0.62,0.09,4.25,0.36
2022-08-09,4769.36,4768.93,4779.95,4758.0,127981457,167509861545.0,0.46,-0.01,-0.3,0.36
2022-08-10,4765.26,4742.01,4779.89,4727.61,126168443,166275437728.0,1.1,-0.56,-26.92,0.35
2022-08-11,4762.57,4825.25,4826.56,4759.27,157984200,197362935883.0,1.42,1.76,83.24,0.44
2022-08-12,4817.63,4845.01,4853.98,4813.38,157925585,182679647940.0,0.84,0.41,19.76,0.44
2022-08-15,4833.66,4830.23,4860.32,4820.93,155811597,181338364388.0,0.81,-0.31,-14.78,0.43
2022-08-16,4837.27,4834.96,4854.42,4824.15,148306535,180437978361.0,0.63,0.1,4.73,0.41
2022-08-17,4842.11,4870.69,4874.31,4818.38,162598403,186597782386.0,1.16,0.74,35.73,0.45
2022-08-18,4860.28,4823.0,4864.78,4819.89,145416734,173752272511.0,0.92,-0.98,-47.69,0.4
2022-08-19,4818.7,4838.15,4858.53,4818.69,170129020,207106160767.0,0.83,0.31,15.15,0.47
2022-08-22,4828.69,4866.57,4875.77,4828.28,165532581,204044847825.0,0.98,0.59,28.42,0.46
2022-08-23,4859.87,4855.38,4871.98,4833.6,167970068,197751404395.0,0.79,-0.23,-11.19,0.47
2022-08-24,4860.86,4798.96,4879.86,4796.04,195112107,213303698824.0,1.73,-1.16,-56.42,0.54
2022-08-25,4814.5,4875.43,4879.63,4802.46,185144553,208877754653.0,1.61,1.59,76.47,0.51
2022-08-26,4876.5,4859.84,4885.09,4850.85,167066442,193927140912.0,0.7,-0.32,-15.59,0.46
2022-08-29,4815.32,4852.44,4853.13,4800.2,160000559,173104261536.0,1.09,-0.15,-7.4,0.44
2022-08-30,4850.53,4850.95,4874.5,4823.95,162024247,174152605020.0,1.04,-0.03,-1.49,0.45
2022-08-31,4838.55,4851.85,4887.82,4824.49,198590498,226207380668.0,1.31,0.02,0.9,0.55
2022-09-01,4841.35,4841.3,4881.64,4833.21,154942141,170463733053.0,1.0,-0.22,-10.55,0.43
2022-09-02,4847.88,4831.21,4855.05,4814.08,136075056,148218558456.0,0.85,-0.21,-10.09,0.38
2022-09-05,4827.72,4870.69,4870.76,4812.73,159245066,169821608943.0,1.2,0.82,39.48,0.44
2022-09-06,4879.73,4923.72,4926.85,4878.07,183305856,196165315308.0,1.0,1.09,53.03,0.51
2022-09-07,4908.75,4917.3,4919.18,4893.91,168225401,177250598877.0,0.51,-0.13,-6.42,0.47
2022-09-08,4919.3,4914.78,4935.69,4904.29,159032778,161201062982.0,0.64,-0.05,-2.52,0.44
2022-09-09,4922.26,4980.49,4989.27,4916.95,173881974,187442881987.0,1.47,1.34,65.71,0.48
2022-09-13,4989.0,4970.18,5002.09,4960.97,164338712,179700644176.0,0.83,-0.21,-10.31,0.46
2022-09-14,4919.55,4924.84,4957.08,4913.67,141950729,148953132132.0,0.87,-0.91,-45.34,0.39
2022-09-15,4941.96,4926.25,4970.92,4888.72,187403321,200266478347.0,1.67,0.03,1.41,0.52
2022-09-16,4911.78,4785.57,4913.41,4785.57,194618373,192600292542.0,2.6,-2.86,-140.68,0.54
2022-09-19,4779.66,4778.86,4800.98,4756.74,144063677,144207691311.0,0.92,-0.14,-6.71,0.4
2022-09-20,4795.71,4756.46,4800.51,4746.0,122547249,133057420499.0,1.14,-0.47,-22.4,0.34
2022-09-21,4748.15,4776.68,4794.98,4718.82,133527428,137406561601.0,1.6,0.43,20.22,0.37
2022-09-22,4748.98,4755.16,4765.37,4740.83,125089387,135256735919.0,0.51,-0.45,-21.52,0.35
2022-09-23,4750.73,4753.06,4800.66,4733.98,136613116,141114046917.0,1.4,-0.04,-2.1,0.38
2022-09-26,4725.81,4666.65,4751.68,4664.25,152381182,152331467795.0,1.84,-1.82,-86.41,0.42
2022-09-27,4670.55,4703.47,4704.65,4642.33,129317670,145408244958.0,1.34,0.79,36.82,0.36
2022-09-28,4692.76,4646.9,4692.85,4646.9,126443638,136433961539.0,0.98,-1.2,-56.57,0.35
2022-09-29,4677.6,4611.93,4690.27,4592.44,130731320,140968202987.0,2.11,-0.75,-34.97,0.36
2022-09-30,4618.14,4631.89,4663.0,4617.52,114689914,121906195439.0,0.99,0.43,19.96,0.32
2022-10-10,4637.57,4607.84,4671.92,4602.78,145515212,152369141271.0,1.49,-0.52,-24.05,0.4
2022-10-11,4614.76,4611.47,4625.75,4576.71,121557054,124411497161.0,1.06,0.08,3.63,0.34
2022-10-12,4606.74,4670.29,4670.29,4563.31,142729420,155618713734.0,2.32,1.28,58.82,0.4
2022-10-13,4645.98,4630.51,4654.38,4609.02,139710603,158162962259.0,0.97,-0.85,-39.78,0.39
2022-10-14,4653.48,4686.6,4707.94,4653.48,154532693,183202575282.0,1.18,1.21,56.09,0.43
2022-10-17,4668.62,4693.37,4698.59,4639.58,143502320,161997053415.0,1.26,0.14,6.77,0.4
2022-10-18,4707.9,4681.74,4716.19,4672.51,127295903,147290101003.0,0.93,-0.25,-11.63,0.35
2022-10-19,4674.04,4637.56,4693.6,4637.56,120614744,147564839494.0,1.2,-0.94,-44.18,0.34
2022-10-20,4617.56,4608.83,4651.59,4598.82,133013154,160058694189.0,1.14,-0.62,-28.73,0.37
2022-10-21,4620.38,4619.88,4656.21,4604.55,139016608,151821506363.0,1.12,0.24,11.05,0.39
2022-10-24,4616.78,4508.72,4646.21,4497.29,172160603,202480483862.0,3.22,-2.41,-111.16,0.48
2022-10-25,4506.48,4507.27,4545.08,4472.41,144163085,161508112364.0,1.61,-0.03,-1.45,0.4
2022-10-26,4504.14,4502.62,4550.89,4489.73,150621906,175124985645.0,1.36,-0.1,-4.65,0.42
2022-10-27,4508.95,4501.56,4537.01,4498.41,149214733,185444649821.0,0.86,-0.02,-1.06,0.41
2022-10-28,4484.01,4411.93,4488.23,4403.75,165058639,186681038130.0,1.88,-1.99,-89.63,0.46
2022-10-31,4380.67,4348.14,4395.91,4336.46,177624102,194625757850.0,1.35,-1.45,-63.79,0.49
2022-11-01,4355.49,4441.4,4441.42,4348.56,191427251,224957992119.0,2.14,2.14,93.26,0.53
2022-11-02,4425.69,4475.26,4487.3,4417.83,187221344,230239985143.0,1.56,0.76,33.86,0.52
2022-11-03,4450.21,4446.59,4464.03,4425.14,144874353,167290756117.0,0.87,-0.64,-28.67,0.4
2022-11-04,4442.25,4542.8,4557.87,4442.25,190049415,225959117507.0,2.6,2.16,96.21,0.53
2022-11-07,4529.53,4561.04,4576.79,4524.08,181662498,200553507117.0,1.16,0.4,18.24,0.51
2022-11-08,4559.97,4554.1,4564.53,4532.61,139638313,153642977418.0,0.7,-0.15,-6.94,0.39
2022-11-09,4557.03,4543.85,4581.81,4541.94,126124939,136558199534.0,0.88,-0.23,-10.25,0.35
2022-11-10,4521.71,4544.32,4559.0,4500.14,144396320,143007137285.0,1.3,0.01,0.47,0.4
2022-11-11,4623.66,4661.4,4698.71,4599.0,240277784,264169979369.0,2.19,2.58,117.08,0.67
2022-11-14,4710.53,4688.07,4746.13,4679.21,213768229,241165417581.0,1.44,0.57,26.67,0.59
2022-11-15,4681.39,4739.69,4744.82,4669.94,185545696,217025955508.0,1.6,1.1,51.62,0.52
2022-11-16,4735.39,4713.67,4742.96,4708.33,157261953,181053857281.0,0.73,-0.55,-26.02,0.44
2022-11-17,4701.13,4704.94,4706.61,4673.28,146223035,172526874397.0,0.71,-0.19,-8.73,0.41
2022-11-18,4708.12,4678.6,4714.8,4678.2,153003304,172280158858.0,0.78,-0.56,-26.34,0.43
2022-11-21,4654.08,4652.04,4654.08,4615.53,128347963,154299680555.0,0.82,-0.57,-26.56,0.36
2022-11-22,4656.2,4717.31,4756.19,4652.85,188526161,179551722986.0,2.22,1.4,65.27,0.52
2022-11-23,4715.99,4744.76,4784.46,4713.12,196915911,175470499862.0,1.51,0.58,27.45,0.55
2022-11-24,4756.93,4730.51,4772.05,4721.75,146044516,141264608377.0,1.06,-0.3,-14.25,0.41
2022-11-25,4728.5,4819.4,4830.79,4727.42,194239204,168452793654.0,2.19,1.88,88.89,0.54
2022-11-28,4748.83,4769.67,4773.28,4702.91,186564856,180103673934.0,1.46,-1.03,-49.73,0.52
2022-11-29,4812.78,4920.84,4931.62,4812.78,245099378,250177764572.0,2.49,3.17,151.17,0.68
2022-11-30,4905.7,4917.86,4958.44,4900.83,224592371,217818408348.0,1.17,-0.06,-2.98,0.62
2022-12-01,4968.66,4910.21,4977.8,4908.22,226328411,244716633694.0,1.41,-0.16,-7.65,0.63
2022-12-02,4903.92,4884.01,4910.56,4866.81,163686587,172121452674.0,0.89,-0.53,-26.2,0.46
2022-12-05,4932.19,5037.82,5044.79,4932.19,279148238,261392472508.0,2.31,3.15,153.81,0.78
2022-12-06,5017.28,5020.19,5047.76,4998.29,222631647,230529362931.0,0.98,-0.35,-17.63,0.62
2022-12-07,5009.99,4981.92,5029.37,4959.77,209172971,211924461476.0,1.39,-0.76,-38.27,0.58
2022-12-08,4974.35,4995.37,5008.38,4969.96,180274005,183332352134.0,0.77,0.27,13.45,0.5
2022-12-09,4998.72,5012.48,5028.03,4964.47,227990870,234020766124.0,1.27,0.34,17.11,0.63
2022-12-12,4990.57,4929.36,4993.89,4925.43,196734498,204922072314.0,1.37,-1.66,-83.12,0.55
2022-12-13,4930.62,4947.27,4966.91,4930.62,155447164,159967304876.0,0.74,0.36,17.91,0.43
2022-12-14,4948.23,4936.52,4957.36,4916.67,141545568,161047804202.0,0.82,-0.22,-10.75,0.39
2022-12-15,4931.65,4901.79,4940.9,4890.71,125558151,141336175986.0,1.02,-0.7,-34.73,0.35
2022-12-16,4887.19,4941.7,4954.38,4887.19,140198929,145951876583.0,1.37,0.81,39.91,0.39
2022-12-19,4936.19,4831.88,4949.78,4811.81,158711052,155727493611.0,2.79,-2.22,-109.82,0.44
2022-12-20,4816.26,4777.19,4833.68,4759.83,117017823,129572818147.0,1.53,-1.13,-54.69,0.33
2022-12-21,4784.69,4780.49,4806.69,4770.95,95400675,103812202219.0,0.75,0.07,3.3,0.27
2022-12-22,4813.92,4769.06,4830.17,4751.86,118969832,130272881495.0,1.64,-0.24,-11.43,0.33
2022-12-23,4746.52,4761.63,4790.13,4742.4,95382536,102594627742.0,1.0,-0.16,-7.43,0.27
2022-12-26,4763.47,4750.5,4770.13,4742.35,104536491,116614670050.0,0.58,-0.23,-11.13,0.29
2022-12-27,4776.83,4803.0,4813.12,4773.42,113672127,120785158199.0,0.84,1.11,52.5,0.32
2022-12-28,4793.2,4807.97,4828.19,4784.03,120262818,125213960199.0,0.92,0.1,4.97,0.33
2022-12-29,4790.39,4768.11,4790.39,4749.11,113564003,118521991111.0,0.86,-0.83,-39.86,0.32
2022-12-30,4784.52,4804.42,4817.63,4781.65,109214362,114581417382.0,0.75,0.76,36.31,0.3
2023-01-03,4797.8,4840.67,4846.82,4767.82,151331508,158399285249.0,1.64,0.75,36.25,0.42
2023-01-04,4843.38,4886.79,4893.23,4837.18,145058769,148054433925.0,1.16,0.95,46.12,0.4
2023-01-05,4903.66,4911.38,4921.68,4894.93,135240094,163209808183.0,0.55,0.5,24.59,0.38
2023-01-06,4915.39,4905.28,4922.14,4896.43,133458687,161117617363.0,0.52,-0.12,-6.1,0.37
2023-01-09,4918.96,4922.48,4933.47,4904.1,144876678,171390293321.0,0.6,0.35,17.2,0.4
2023-01-10,4922.1,4884.82,4922.1,4883.61,127863867,153746631296.0,0.78,-0.77,-37.66,0.36
2023-01-11,4891.25,4905.45,4929.47,4888.18,128332426,153348326343.0,0.85,0.42,20.63,0.36
2023-01-12,4911.29,4903.76,4911.29,4882.13,118495220,135064483025.0,0.59,-0.03,-1.69,0.33
2023-01-13,4911.08,4956.86,4956.86,4907.77,119551043,145558648938.0,1.0,1.08,53.1,0.33
2023-01-16,4963.72,4988.13,5028.58,4953.03,183737257,226566087107.0,1.52,0.63,31.27,0.51
2023-01-17,4986.45,4974.12,4989.53,4955.93,120169776,145848853912.0,0.67,-0.28,-14.01,0.33
2023-01-18,4976.18,4976.36,4992.0,4966.85,118335702,130693059560.0,0.51,0.05,2.24,0.33
2023-01-19,4969.18,4998.33,4998.33,4948.42,128181167,149156761810.0,1.0,0.44,21.97,0.36
2023-01-20,5007.2,5053.36,5055.78,5003.32,168594079,175182647604.0,1.05,1.1,55.03,0.47
2023-01-30,5117.32,5040.4,5118.42,5038.32,209503908,237197650184.0,1.59,-0.26,-12.96,0.58
2023-01-31,5038.47,5030.07,5067.92,5023.43,170648764,185882923432.0,0.88,-0.2,-10.33,0.47
2023-02-01,5042.69,5062.36,5062.89,5008.98,196612509,205638103637.0,1.07,0.64,32.29,0.55
2023-02-02,5071.51,5047.64,5071.51,5029.45,190153345,208029132765.0,0.83,-0.29,-14.72,0.53
2023-02-03,5031.0,4995.66,5031.0,4964.55,164605947,178743635665.0,1.32,-1.03,-51.98,0.46
2023-02-06,4963.62,4951.89,4969.64,4936.2,146479833,160944459517.0,0.67,-0.88,-43.77,0.41
2023-02-07,4961.74,4980.54,4983.42,4954.27,131505291,136311730257.0,0.59,0.58,28.65,0.37
2023-02-08,4984.52,4955.28,4994.43,4951.54,121123771,122189563629.0,0.86,-0.51,-25.26,0.34
2023-02-09,4950.14,4997.14,4997.14,4947.45,132436036,151595015119.0,1.0,0.84,41.86,0.37
2023-02-10,4992.72,4993.89,5001.36,4973.36,136709373,144838065640.0,0.56,-0.07,-3.25,0.38
2023-02-13,4988.21,5012.0,5015.11,4968.22,167188359,187295098756.0,0.94,0.36,18.11,0.46
2023-02-14,5017.97,5033.98,5034.44,5012.32,146661193,160375881428.0,0.44,0.44,21.98,0.41
2023-02-15,5033.39,4999.32,5034.44,4990.99,147294214,161022121464.0,0.86,-0.69,-34.66,0.41
2023-02-16,5003.07,4978.89,5060.99,4956.46,211981070,219083981063.0,2.09,-0.41,-20.43,0.59
2023-02-17,4976.68,4949.97,5004.54,4949.45,156456165,169904067637.0,1.11,-0.58,-28.92,0.44
2023-02-20,4964.08,5079.05,5079.05,4964.08,203901253,213061117933.0,2.32,2.61,129.08,0.57
2023-02-21,5082.31,5117.98,5119.12,5072.6,202994237,210159598252.0,0.92,0.77,38.93,0.56
2023-02-22,5094.1,5081.67,5108.14,5077.83,148768261,157316711150.0,0.59,-0.71,-36.31,0.41
2023-02-23,5086.01,5073.64,5107.49,5057.19,153529997,165133753123.0,0.99,-0.16,-8.03,0.43
2023-02-24,5071.26,5036.27,5074.18,5017.01,135902212,149955884637.0,1.13,-0.74,-37.37,0.38
2023-02-27,5021.59,5017.94,5048.1,5009.95,138131321,153662444798.0,0.76,-0.36,-18.33,0.38
2023-02-28,5030.27,5057.79,5061.6,5003.76,148759874,155024895489.0,1.15,0.79,39.85,0.41
2023-03-01,5056.28,5134.74,5140.68,5052.23,197374142,196216692931.0,1.75,1.52,76.95,0.55
2023-03-02,5129.58,5160.42,5176.93,5123.57,198215167,191267427806.0,1.04,0.5,25.68,0.55
2023-03-03,5166.07,5213.01,5218.43,5153.79,220988974,201491985599.0,1.25,1.02,52.59,0.61
2023-03-06,5219.94,5168.37,5227.16,5160.94,213624810,225195491925.0,1.27,-0.86,-44.64,0.59
2023-03-07,5167.33,5132.81,5239.09,5129.04,258311705,236091910903.0,2.13,-0.69,-35.56,0.72
2023-03-08,5107.97,5124.93,5124.93,5088.33,159702599,155056646433.0,0.71,-0.15,-7.88,0.44
2023-03-09,5126.78,5101.06,5128.54,5080.35,157632773,157614443219.0,0.94,-0.47,-23.87,0.44
2023-03-10,5067.61,5013.89,5080.41,5013.05,166707289,163923383938.0,1.32,-1.71,-87.17,0.46
2023-03-13,5017.46,5091.31,5091.31,5017.46,178827440,184251028359.0,1.47,1.54,77.42,0.5
2023-03-14,5075.24,5054.58,5094.46,5024.08,192077743,203009370060.0,1.38,-0.72,-36.73,0.53
2023-03-15,5081.18,5111.94,5126.02,5064.04,189168221,185899306134.0,1.23,1.13,57.36,0.53
2023-03-16,5076.22,5069.65,5111.35,5063.95,209061682,207808422346.0,0.93,-0.83,-42.29,0.58
2023-03-17,5096.7,5123.85,5174.74,5096.7,219707376,225279290800.0,1.54,1.07,54.2,0.61
2023-03-20,5132.1,5077.81,5184.83,5073.12,256297770,252218524972.0,2.18,-0.9,-46.04,0.71
2023-03-21,5087.83,5076.04,5111.91,5056.72,186852379,198546405580.0,1.09,-0.03,-1.77,0.52
2023-03-22,5087.57,5103.96,5129.42,5075.69,168983957,184400947975.0,1.06,0.55,27.92,0.47
2023-03-23,5093.11,5145.31,5145.31,5084.73,180158633,206425081710.0,1.19,0.81,41.35,0.5
2023-03-24,5135.42,5085.98,5135.42,5079.32,191125239,209517383557.0,1.09,-1.15,-59.33,0.53
2023-03-27,5079.71,5044.34,5079.71,5015.17,203583237,225711933099.0,1.27,-0.82,-41.64,0.57
2023-03-28,5058.28,5053.89,5074.84,5041.35,176805846,192370659090.0,0.66,0.19,9.55,0.49
2023-03-29,5068.96,5022.41,5068.96,5016.5,177360215,195117974019.0,1.04,-0.62,-31.48,0.49
2023-03-30,5026.39,5054.84,5057.96,4987.1,186816806,203649619450.0,1.41,0.65,32.43,0.52
2023-03-31,5057.65,5067.29,5085.18,5051.12,172878179,196505795976.0,0.67,0.25,12.45,0.48
2023-04-03,5070.87,5103.61,5111.98,5070.12,216117435,255359920568.0,0.83,0.72,36.32,0.6
2023-04-04,5104.65,5168.53,5168.53,5096.78,239726494,274686311493.0,1.41,1.27,64.92,0.67
2023-04-06,5158.79,5151.88,5163.21,5136.75,191648202,233697272008.0,0.51,-0.32,-16.65,0.53
2023-04-07,5152.75,5163.13,5171.33,5147.06,159217764,199475254688.0,0.47,0.22,11.25,0.44
2023-04-10,5164.54,5171.82,5190.99,5151.77,193302336,232729897563.0,0.76,0.17,8.69,0.54
2023-04-11,5171.13,5178.54,5178.99,5146.94,196355445,230346826687.0,0.62,0.13,6.72,0.55
2023-04-12,5184.61,5223.88,5231.22,5177.63,213722111,240011578276.0,1.03,0.88,45.34,0.59
2023-04-13,5211.66,5217.69,5238.38,5198.97,213247378,230708660255.0,0.75,-0.12,-6.19,0.59
2023-04-14,5229.1,5249.29,5264.25,5218.9,204907885,225708518710.0,0.87,0.61,31.6,0.57
2023-04-17,5243.65,5352.59,5352.59,5238.86,267014665,281808236954.0,2.17,1.97,103.3,0.74
2023-04-18,5338.39,5379.72,5389.06,5333.09,226338596,255238104345.0,1.05,0.51,27.13,0.63
2023-04-19,5373.42,5335.77,5381.52,5325.5,219433457,244513406065.0,1.04,-0.82,-43.95,0.61
2023-04-20,5331.31,5357.66,5358.22,5294.68,214933608,247307751186.0,1.19,0.41,21.89,0.6
2023-04-21,5355.03,5262.99,5378.96,5262.99,234613089,262881906132.0,2.16,-1.77,-94.67,0.65
2023-04-24,5268.54,5231.8,5288.19,5217.92,220200287,241881614723.0,1.34,-0.59,-31.19,0.61
2023-04-25,5239.09,5246.06,5271.74,5189.11,236680159,252053652425.0,1.58,0.27,14.26,0.66
2023-04-26,5229.31,5215.72,5238.43,5179.41,222199969,242852902456.0,1.13,-0.58,-30.34,0.62
2023-04-27,5209.34,5280.26,5295.75,5204.85,211515204,243893609543.0,1.74,1.24,64.54,0.59
2023-04-28,5283.3,5357.31,5359.87,5277.39,252920273,275390323039.0,1.56,1.46,77.05,0.7
2023-05-04,5320.87,5458.51,5467.83,5301.76,322907109,313548408347.0,3.1,1.89,101.2,0.9
2023-05-05,5463.67,5465.22,5530.97,5439.21,287779904,277701877135.0,1.68,0.12,6.71,0.8
2023-05-08,5473.45,5601.38,5632.45,5473.45,388942776,353084167218.0,2.91,2.49,136.16,1.08
2023-05-09,5618.04,5539.29,5678.72,5535.2,412829256,392951504871.0,2.56,-1.11,-62.09,1.15
2023-05-10,5526.11,5433.71,5532.26,5411.49,311210138,288134730704.0,2.18,-1.91,-105.58,0.87
2023-05-11,5442.02,5408.34,5470.91,5401.52,223509430,217976099041.0,1.28,-0.47,-25.37,0.62
2023-05-12,5397.78,5338.19,5433.87,5335.82,219950272,210537868652.0,1.81,-1.3,-70.15,0.61
2023-05-15,5337.9,5385.2,5390.26,5250.05,255894120,242897320004.0,2.63,0.88,47.01,0.71
2023-05-16,5384.5,5342.06,5409.09,5327.83,198118460,204748705996.0,1.51,-0.8,-43.14,0.55
2023-05-17,5324.77,5312.28,5351.74,5289.51,171640380,175523224493.0,1.16,-0.56,-29.78,0.48
2023-05-18,5320.38,5333.86,5375.36,5315.3,190336641,187421206582.0,1.13,0.41,21.58,0.53
2023-05-19,5314.17,5268.41,5314.32,5254.77,171662005,174922561616.0,1.12,-1.23,-65.45,0.48
2023-05-22,5259.81,5277.8,5310.92,5254.9,163504381,171821282667.0,1.06,0.18,9.39,0.45
2023-05-23,5276.79,5187.24,5286.34,5187.24,167406571,162870464330.0,1.88,-1.72,-90.56,0.47
2023-05-24,5175.85,5087.13,5175.85,5086.76,180477244,174684486087.0,1.72,-1.93,-100.11,0.5
2023-05-25,5072.49,5077.7,5092.38,5026.87,166701674,166941302263.0,1.29,-0.19,-9.43,0.46
2023-05-26,5073.16,5105.53,5121.41,5050.1,145457640,153577184486.0,1.4,0.55,27.83,0.4
2023-05-29,5115.88,5141.17,5162.12,5113.0,174093015,179742455282.0,0.96,0.7,35.64,0.48
2023-05-30,5132.09,5156.94,5175.33,5099.33,178742525,187061363053.0,1.48,0.31,15.77,0.5
2023-05-31,5136.99,5125.69,5147.58,5109.77,166894121,183145635805.0,0.73,-0.61,-31.25,0.46
2023-06-01,5114.38,5125.83,5166.92,5100.36,177710887,188817719845.0,1.3,0.0,0.14,0.49
2023-06-02,5140.15,5172.09,5175.63,5136.15,168012550,178919939796.0,0.77,0.9,46.26,0.47
2023-06-05,5168.84,5178.72,5205.44,5152.56,156398098,160594803821.0,1.02,0.13,6.63,0.43
2023-06-06,5173.17,5149.41,5240.11,5140.57,172144158,174559685631.0,1.92,-0.57,-29.31,0.48
2023-06-07,5158.82,5166.45,5190.52,5145.24,139511919,146633115151.0,0.88,0.33,17.04,0.39
2023-06-08,5162.32,5232.8,5244.21,5136.14,167539687,161364483212.0,2.09,1.28,66.35,0.47
2023-06-09,5228.91,5241.71,5248.81,5213.75,177132523,184743182338.0,0.67,0.17,8.91,0.49
2023-06-12,5231.07,5208.36,5231.07,5194.98,175279870,190405207175.0,0.69,-0.64,-33.35,0.49
2023-06-13,5199.86,5200.89,5218.08,5172.72,145887655,168629248107.0,0.87,-0.14,-7.47,0.41
2023-06-14,5203.06,5168.29,5223.71,5166.99,163388698,187337267152.0,1.09,-0.63,-32.6,0.45
2023-06-15,5173.89,5199.86,5199.86,5157.26,162723644,197190518541.0,0.82,0.61,31.57,0.45
2023-06-16,5208.0,5223.21,5232.83,5208.0,175363557,208264723607.0,0.48,0.45,23.35,0.49
2023-06-19,5209.91,5154.96,5209.91,5152.55,174347084,200764062550.0,1.1,-1.31,-68.25,0.48
2023-06-20,5148.99,5108.82,5148.99,5105.3,155824716,190124208409.0,0.85,-0.9,-46.14,0.43
2023-06-21,5091.15,5065.73,5122.7,5065.73,152419051,175293692854.0,1.12,-0.84,-43.09,0.42
2023-06-26,5034.98,4989.29,5034.98,4980.11,165037966,179955868931.0,1.08,-1.51,-76.44,0.46
2023-06-27,4994.47,5071.17,5084.0,4984.18,154069829,159638462605.0,2.0,1.64,81.88,0.43
2023-06-28,5056.26,5072.98,5074.73,5032.36,141322156,157344011027.0,0.84,0.04,1.81,0.39
2023-06-29,5064.86,5046.04,5067.76,5044.22,122480075,145056039988.0,0.46,-0.53,-26.94,0.34
2023-06-30,5038.78,5069.5,5090.82,5037.62,129298049,149030475360.0,1.05,0.46,23.46,0.36
2023-07-03,5079.44,5152.03,5158.92,5079.44,167374874,188351981911.0,1.57,1.63,82.53,0.47
2023-07-04,5148.72,5132.06,5153.81,5114.53,147021121,167431758140.0,0.76,-0.39,-19.97,0.41
2023-07-05,5123.47,5108.78,5140.82,5103.04,136387702,148996906964.0,0.74,-0.45,-23.28,0.38
2023-07-06,5090.59,5073.96,5113.66,5062.66,128806098,136661811011.0,1.0,-0.68,-34.82,0.36
2023-07-07,5061.11,5076.56,5097.2,5056.52,132816336,136615540683.0,0.8,0.05,2.6,0.37
2023-07-10,5094.42,5081.39,5105.7,5065.7,122613784,144689970368.0,0.79,0.1,4.83,0.34
2023-07-11,5095.73,5104.1,5108.66,5075.89,116116140,135704529690.0,0.64,0.45,22.71,0.32
2023-07-12,5095.8,5066.0,5111.0,5061.51,140484648,164408698018.0,0.97,-0.75,-38.1,0.39
2023-07-13,5074.95,5127.02,5129.54,5074.95,146874416,174603735390.0,1.08,1.2,61.02,0.41
2023-07-14,5132.18,5135.89,5153.41,5119.32,146671904,170050884603.0,0.66,0.17,8.87,0.41
2023-07-17,5110.06,5094.51,5110.06,5071.68,131216084,142468737342.0,0.75,-0.81,-41.38,0.36
2023-07-18,5092.05,5080.05,5098.4,5062.45,124737007,136281629442.0,0.71,-0.28,-14.46,0.35
2023-07-19,5068.53,5096.32,5099.25,5063.27,111691590,119512378781.0,0.71,0.32,16.27,0.31
2023-07-20,5101.83,5067.97,5116.86,5061.36,126244810,139912836304.0,1.09,-0.56,-28.35,0.35
2023-07-21,5056.42,5062.35,5085.93,5047.47,113560301,127552177012.0,0.76,-0.11,-5.62,0.32
2023-07-24,5047.17,5054.19,5075.32,5030.97,109631028,117630975746.0,0.88,-0.16,-8.16,0.3
2023-07-25,5115.12,5190.02,5191.02,5115.12,205010381,227438282404.0,1.5,2.69,135.83,0.57
2023-07-26,5184.9,5188.59,5200.13,5166.52,164510572,156288128559.0,0.65,-0.03,-1.43,0.46
2023-07-27,5190.69,5189.4,5234.41,5179.34,176747127,164529477753.0,1.06,0.02,0.81,0.49
2023-07-28,5174.03,5318.1,5326.63,5171.87,245870673,251377539817.0,2.98,2.48,128.7,0.68
2023-07-31,5348.77,5364.14,5419.4,5346.84,278411400,296705925900.0,1.36,0.87,46.04,0.77
2023-08-01,5356.68,5356.93,5395.48,5336.13,243882187,227308909962.0,1.11,-0.13,-7.21,0.68
2023-08-02,5338.57,5305.61,5365.23,5288.97,214596512,191362985047.0,1.42,-0.96,-51.32,0.6
2023-08-03,5297.75,5348.88,5351.03,5273.46,199724642,199365889353.0,1.46,0.82,43.27,0.56
2023-08-04,5384.79,5357.14,5418.04,5356.16,255401353,271763517319.0,1.16,0.15,8.26,0.71
2023-08-07,5333.84,5312.38,5333.84,5295.22,181683691,189346042027.0,0.72,-0.84,-44.76,0.51
2023-08-08,5299.39,5295.88,5323.75,5274.75,156744460,173556490032.0,0.92,-0.31,-16.5,0.44
2023-08-09,5283.14,5283.7,5303.72,5276.85,132457988,144930735987.0,0.51,-0.23,-12.18,0.37
2023-08-10,5277.76,5297.94,5305.59,5263.91,140280362,146831486641.0,0.79,0.27,14.24,0.39
2023-08-11,5298.12,5182.02,5301.34,5182.02,171975540,173471608144.0,2.25,-2.19,-115.92,0.48
2023-08-14,5130.03,5159.79,5172.34,5105.37,151394088,156010506350.0,1.29,-0.43,-22.23,0.42
2023-08-15,5160.58,5178.24,5187.13,5128.34,135195238,141084204893.0,1.14,0.36,18.45,0.38
2023-08-16,5158.15,5155.83,5195.27,5137.59,132788420,136855497309.0,1.11,-0.43,-22.41,0.37
2023-08-17,5133.31,5154.74,5160.39,5107.89,135635023,141578654343.0,1.02,-0.02,-1.09,0.38
2023-08-18,5152.48,5111.4,5191.9,5111.4,137580604,139348013947.0,1.56,-0.84,-43.34,0.38
2023-08-21,5105.67,5043.57,5115.36,5043.57,134406063,140245834729.0,1.4,-1.33,-67.83,0.37
2023-08-22,5059.52,5098.79,5108.76,5039.52,155458153,161740156826.0,1.37,1.09,55.22,0.43
2023-08-23,5091.11,5046.57,5104.28,5044.76,132654101,131592211965.0,1.17,-1.02,-52.22,0.37
2023-08-24,5059.47,5014.42,5073.9,5009.05,158340134,157303832129.0,1.29,-0.64,-32.15,0.44
2023-08-25,4996.15,5024.55,5058.66,4992.32,144071821,141925886827.0,1.32,0.2,10.13,0.4
2023-08-28,5275.23,5104.93,5276.14,5087.79,264722517,274128174862.0,3.75,1.6,80.38,0.74
2023-08-29,5095.12,5109.19,5129.98,5068.48,206636809,206750917220.0,1.2,0.08,4.26,0.57
2023-08-30,5114.66,5068.7,5114.66,5065.0,176093773,181209330913.0,0.97,-0.79,-40.49,0.49
2023-08-31,5071.49,5033.63,5097.29,5028.17,162006458,160250648150.0,1.36,-0.69,-35.07,0.45
2023-09-01,5050.11,5085.86,5102.34,5050.11,149969921,150148470027.0,1.04,1.04,52.23,0.42
2023-09-04,5112.1,5180.15,5192.0,5112.1,208111434,207800657471.0,1.57,1.85,94.29,0.58
2023-09-05,5167.75,5129.0,5167.75,5122.77,152344618,155393196888.0,0.87,-0.99,-51.15,0.42
2023-09-06,5118.07,5134.49,5142.04,5098.83,132481970,137837439820.0,0.84,0.11,5.49,0.37
2023-09-07,5124.31,5093.41,5138.61,5090.21,133615576,136832229356.0,0.94,-0.8,-41.08,0.37
2023-09-08,5081.04,5075.69,5089.36,5059.45,107665769,107409562194.0,0.59,-0.35,-17.72,0.3
2023-09-11,5084.06,5108.99,5127.92,5077.82,152384740,159768167987.0,0.99,0.66,33.3,0.42
2023-09-12,5105.76,5100.01,5113.55,5094.03,118326215,122390978387.0,0.38,-0.18,-8.98,0.33
2023-09-13,5107.35,5091.05,5124.69,5071.33,127091339,126467870040.0,1.05,-0.18,-8.96,0.35
2023-09-14,5094.78,5118.08,5125.71,5089.53,150454318,141369718801.0,0.71,0.53,27.03,0.42
2023-09-15,5129.92,5091.78,5146.38,5077.7,165764125,164562466613.0,1.34,-0.51,-26.3,0.46
2023-09-18,5082.77,5091.48,5094.79,5056.71,135036627,141930699275.0,0.75,-0.01,-0.3,0.38
2023-09-19,5087.9,5108.17,5113.04,5081.7,130095885,124694412226.0,0.62,0.33,16.69,0.36
2023-09-20,5103.68,5098.2,5112.54,5083.61,116458679,108137379778.0,0.57,-0.2,-9.97,0.32
2023-09-21,5093.12,5064.81,5112.85,5064.81,121650440,115788896234.0,0.94,-0.65,-33.39,0.34
2023-09-22,5066.2,5131.5,5132.14,5055.77,149074949,155737831560.0,1.51,1.32,66.69,0.41
2023-09-25,5126.24,5095.31,5128.46,5091.54,133711855,134838339928.0,0.72,-0.71,-36.19,0.37
2023-09-26,5092.97,5066.96,5104.44,5066.27,109495788,112145283639.0,0.75,-0.56,-28.35,0.3
2023-09-27,5072.17,5065.08,5093.93,5061.7,123902558,132591986251.0,0.64,-0.04,-1.88,0.34
2023-09-28,5080.33,5058.98,5086.31,5054.97,118627763,125657996507.0,0.62,-0.12,-6.1,0.33
2023-10-09,5039.59,5032.85,5043.07,4996.04,135601015,137868931250.0,0.93,-0.52,-26.13,0.38
2023-10-10,5045.35,4978.71,5057.16,4975.81,137045827,132022449003.0,1.62,-1.08,-54.14,0.38
2023-10-11,4994.77,4970.86,4999.74,4962.84,131642465,136630229287.0,0.74,-0.16,-7.85,0.37
2023-10-12,5012.73,5038.2,5049.93,5005.66,151646293,148775425020.0,0.89,1.35,67.34,0.42
2023-10-13,5010.48,5010.57,5023.28,4998.01,131037505,135235768702.0,0.5,-0.55,-27.63,0.36
2023-10-16,5014.79,4999.7,5017.12,4985.76,135531360,133056398621.0,0.63,-0.22,-10.87,0.38
2023-10-17,5009.63,5017.07,5022.43,4989.73,135148873,131879726591.0,0.65,0.35,17.37,0.38
2023-10-18,5008.96,4983.91,5014.47,4981.6,139115783,133953736725.0,0.66,-0.66,-33.16,0.39
2023-10-19,4962.52,4882.5,4962.52,4881.51,156316600,159545037435.0,1.63,-2.03,-101.41,0.43
2023-10-20,4866.91,4861.3,4895.8,4853.28,133268590,133104388670.0,0.87,-0.43,-21.2,0.37
2023-10-23,4846.56,4800.33,4856.38,4772.55,139384851,130121140147.0,1.72,-1.25,-60.97,0.39
2023-10-24,4808.7,4818.53,4825.98,4780.04,154098576,148319895665.0,0.96,0.38,18.2,0.43
2023-10-25,4862.9,4849.67,4871.54,4842.06,168375394,163606974268.0,0.61,0.65,31.14,0.47
2023-10-26,4828.26,4868.21,4871.99,4821.06,139956453,136865530547.0,1.05,0.38,18.54,0.39
2023-10-27,4853.96,4892.05,4911.31,4847.39,155928166,167103715136.0,1.31,0.49,23.84,0.43
2023-10-30,4876.29,4855.32,4884.92,4840.18,185136532,193852082154.0,0.91,-0.75,-36.73,0.51
2023-10-31,4849.16,4854.86,4863.77,4832.46,155980130,163932279972.0,0.64,-0.01,-0.46,0.43
2023-11-01,4872.22,4846.96,4873.05,4834.27,127795089,147750047790.0,0.8,-0.16,-7.9,0.36
2023-11-02,4853.78,4845.85,4884.08,4845.25,123896997,124636620139.0,0.8,-0.02,-1.11,0.34
2023-11-03,4850.92,4851.1,4874.59,4844.01,127919188,132566164576.0,0.63,0.11,5.25,0.36
2023-11-06,4873.07,4875.77,4881.18,4851.91,188061331,195239280337.0,0.6,0.51,24.67,0.52
2023-11-07,4867.28,4861.84,4873.59,4847.4,146002895,153959749352.0,0.54,-0.29,-13.93,0.41
2023-11-08,4853.18,4841.05,4861.28,4822.96,153043957,161659051047.0,0.79,-0.43,-20.79,0.43
2023-11-09,4831.61,4848.68,4863.96,4830.86,150065974,157202766829.0,0.68,0.16,7.63,0.42
2023-11-10,4834.78,4815.49,4839.67,4798.2,136476751,140343306745.0,0.86,-0.68,-33.19,0.38
2023-11-13,4822.7,4823.69,4828.37,4791.69,137201226,135065523156.0,0.76,0.17,8.2,0.38
2023-11-14,4825.12,4830.65,4844.55,4814.37,137998369,140035038894.0,0.63,0.14,6.96,0.38
2023-11-15,4862.81,4860.06,4869.4,4847.1,143191059,151486924914.0,0.46,0.61,29.41,0.4
2023-11-16,4852.77,4833.0,4857.76,4828.05,123991064,124453224048.0,0.61,-0.56,-27.06,0.34
2023-11-17,4821.47,4821.92,4827.37,4794.3,120820337,121482568706.0,0.68,-0.23,-11.08,0.34
2023-11-20,4826.68,4832.81,4842.17,4802.64,127606378,130636068498.0,0.82,0.23,10.89,0.35
2023-11-21,4843.63,4848.26,4883.27,4842.13,152036685,149544508544.0,0.85,0.32,15.45,0.42
2023-11-22,4838.28,4819.93,4852.5,4819.93,124907681,116121039818.0,0.67,-0.58,-28.33,0.35
2023-11-23,4816.9,4849.5,4851.47,4804.59,120320984,115014593788.0,0.97,0.61,29.57,0.33
2023-11-24,4848.04,4834.49,4856.0,4828.93,129080272,114101580245.0,0.56,-0.31,-15.01,0.36
2023-11-27,4833.59,4806.5,4834.13,4778.91,144050654,139585235157.0,1.14,-0.58,-27.99,0.4
2023-11-28,4802.36,4801.71,4804.13,4786.5,120854417,117415762804.0,0.37,-0.1,-4.79,0.34
2023-11-29,4803.25,4756.6,4803.25,4748.5,130939886,127811766313.0,1.14,-0.94,-45.11,0.36
2023-11-30,4754.52,4772.25,4778.97,4752.71,132532721,128924831606.0,0.55,0.33,15.65,0.37
2023-12-01,4769.43,4778.48,4785.78,4748.18,134689225,135266998161.0,0.79,0.13,6.23,0.37
2023-12-04,4781.24,4763.83,4793.27,4762.39,130122118,132861756211.0,0.65,-0.31,-14.65,0.36
2023-12-05,4754.79,4686.31,4754.79,4685.37,130143317,130256473221.0,1.46,-1.63,-77.52,0.36
2023-12-06,4679.77,4675.23,4696.14,4649.65,131858712,124277806836.0,0.99,-0.24,-11.08,0.37
2023-12-07,4669.77,4673.69,4688.93,4639.2,131386475,123818981852.0,1.06,-0.03,-1.54,0.37
2023-12-08,4669.71,4669.43,4699.18,4661.71,181518112,161277084905.0,0.8,-0.09,-4.26,0.5
2023-12-11,4652.8,4699.22,4705.82,4602.51,183198539,167932564057.0,2.21,0.64,29.79,0.51
2023-12-12,4688.99,4733.56,4734.61,4678.19,136357182,127875504087.0,1.2,0.73,34.34,0.38
2023-12-13,4722.66,4674.27,4722.66,4674.27,121214851,123074075554.0,1.02,-1.25,-59.29,0.34
2023-12-14,4692.27,4661.12,4703.78,4660.8,105912702,108306194433.0,0.92,-0.28,-13.15,0.29
2023-12-15,4678.25,4640.2,4697.88,4638.87,122465426,121767941786.0,1.27,-0.45,-20.92,0.34
2023-12-18,4629.48,4633.67,4665.31,4610.97,124278108,112425035880.0,1.17,-0.14,-6.53,0.35
2023-12-19,4630.24,4627.01,4642.02,4600.4,108842477,100634235250.0,0.9,-0.14,-6.66,0.3
2023-12-20,4626.37,4594.84,4645.01,4594.84,117314132,110304825601.0,1.08,-0.7,-32.17,0.33
2023-12-21,4580.8,4614.07,4620.35,4568.09,129941691,126912171020.0,1.14,0.42,19.23,0.36
2023-12-22,4616.35,4627.58,4652.83,4602.06,134614867,127889719985.0,1.1,0.29,13.51,0.37
2023-12-25,4620.26,4627.13,4631.36,4604.95,97222023,95302848214.0,0.57,-0.01,-0.45,0.27
2023-12-26,4627.12,4604.85,4632.95,4599.71,97852314,96965595285.0,0.72,-0.48,-22.28,0.27
2023-12-27,4606.9,4629.77,4633.87,4585.61,115564973,110106138766.0,1.05,0.54,24.92,0.32
2023-12-28,4627.81,4683.73,4691.9,4622.45,176532996,178203633880.0,1.5,1.17,53.96,0.49
2023-12-29,4675.57,4705.05,4705.05,4674.21,134529160,140199506517.0,0.66,0.46,21.32,0.37
2024-01-02,4695.04,4687.18,4710.83,4686.26,148275105,143945461229.0,0.52,-0.38,-17.87,0.41
2024-01-03,4680.86,4714.74,4718.75,4679.75,135704033,129266501477.0,0.83,0.59,27.56,0.38
2024-01-04,4711.23,4702.49,4724.26,4669.7,132197555,128468040263.0,1.16,-0.26,-12.25,0.37
2024-01-05,4696.85,4700.89,4755.35,4683.29,156034797,143875221373.0,1.53,-0.03,-1.6,0.43
2024-01-08,4694.77,4650.14,4705.27,4647.99,137034076,129271194750.0,1.22,-1.08,-50.75,0.38
2024-01-09,4646.42,4661.63,4673.0,4628.01,127185716,127031734909.0,0.97,0.25,11.49,0.35
2024-01-10,4651.36,4635.61,4670.06,4635.61,110005461,111601332722.0,0.74,-0.56,-26.02,0.31
2024-01-11,4630.78,4632.08,4653.97,4608.49,130397824,126141551100.0,0.98,-0.08,-3.53,0.36
2024-01-12,4621.06,4640.56,4670.89,4620.45,119387595,112758049737.0,1.09,0.18,8.48,0.33
2024-01-15,4628.5,4658.93,4678.64,4623.29,114245827,111267631538.0,1.19,0.4,18.37,0.32
2024-01-16,4650.36,4683.73,4684.22,4633.89,137737659,129136629554.0,1.08,0.53,24.8,0.38
2024-01-17,4673.33,4609.98,4681.31,4609.98,129153792,127172610581.0,1.52,-1.57,-73.75,0.36
2024-01-18,4594.77,4621.0,4629.52,4487.65,210448618,195634174168.0,3.08,0.24,11.02,0.59
2024-01-19,4601.45,4609.97,4628.89,4577.84,131343080,134444371467.0,1.1,-0.24,-11.03,0.37
2024-01-22,4600.94,4525.21,4620.56,4492.48,179491496,168324619797.0,2.78,-1.84,-84.76,0.5
2024-01-23,4512.11,4545.17,4568.18,4476.63,149111394,139235772938.0,2.02,0.44,19.96,0.41
2024-01-24,4563.35,4656.97,4660.41,4534.67,189779627,166695713017.0,2.77,2.46,111.8,0.53
2024-01-25,4665.39,4798.97,4801.11,4662.43,248335963,219097647730.0,2.98,3.05,142.0,0.69
2024-01-26,4791.76,4841.51,4858.17,4788.33,233664134,199849996495.0,1.46,0.89,42.54,0.65
2024-01-29,4848.78,4842.22,4908.74,4841.9,241984410,208938200923.0,1.38,0.01,0.71,0.67
2024-01-30,4816.24,4778.94,4863.13,4777.66,185928012,165155329976.0,1.77,-1.31,-63.28,0.52
2024-01-31,4755.59,4745.1,4800.24,4717.75,202910140,177127689644.0,1.73,-0.71,-33.84,0.56
2024-02-01,4719.8,4703.02,4752.15,4689.68,189542111,167736016215.0,1.32,-0.89,-42.08,0.53
2024-02-02,4707.01,4679.05,4754.81,4578.48,229288053,199331425334.0,3.75,-0.51,-23.97,0.64
2024-02-05,4663.35,4671.08,4717.74,4573.98,273965478,233040007984.0,3.07,-0.17,-7.97,0.76
2024-02-06,4650.23,4787.78,4802.4,4643.49,266446621,233143869353.0,3.4,2.5,116.7,0.74
2024-02-07,4788.44,4848.09,4848.44,4754.37,307851467,266784703148.0,1.96,1.26,60.31,0.86
2024-02-08,4847.49,4869.04,4876.64,4832.55,282456361,248232748453.0,0.91,0.43,20.95,0.79
2024-02-19,4890.3,4932.22,4932.22,4847.8,245455620,225594849920.0,1.73,1.3,63.18,0.68
2024-02-20,4922.74,4957.32,4963.84,4902.74,183447762,178642632306.0,1.24,0.51,25.1,0.51
2024-02-21,4938.07,5016.75,5083.31,4927.65,239420477,234024892981.0,3.14,1.2,59.43,0.67
2024-02-22,5005.1,5062.8,5063.01,5000.87,180699309,179773673060.0,1.24,0.92,46.05,0.5
2024-02-23,5064.41,5075.06,5106.2,5054.33,188096576,184663106456.0,1.02,0.24,12.26,0.52
2024-02-26,5066.42,4987.95,5071.37,4977.44,203114774,193281961557.0,1.85,-1.72,-87.11,0.56
2024-02-27,4972.11,5021.29,5021.29,4967.15,178909656,177998001211.0,1.09,0.67,33.34,0.5
2024-02-28,5018.93,4976.91,5042.86,4976.91,254802177,249746260807.0,1.31,-0.88,-44.38,0.71
2024-02-29,4957.88,5032.82,5032.82,4957.84,201068867,205041581238.0,1.51,1.12,55.91,0.56
2024-03-01,5026.21,5036.02,5044.02,5014.64,190666931,201930080537.0,0.58,0.06,3.2,0.53
2024-03-04,5028.44,5033.9,5041.44,5003.42,203308428,223424406279.0,0.75,-0.04,-2.12,0.57
2024-03-05,5020.81,5074.17,5083.13,5015.37,202292920,222272724381.0,1.35,0.8,40.27,0.56
2024-03-06,5070.5,5056.94,5087.14,5053.64,178302551,193218210857.0,0.66,-0.34,-17.23,0.5
2024-03-07,5055.73,5067.17,5114.02,5055.45,191918703,200308982437.0,1.16,0.2,10.23,0.53
2024-03-08,5064.09,5085.33,5087.41,5046.57,162575828,173704296820.0,0.81,0.36,18.16,0.45
2024-03-11,5081.28,5090.28,5098.76,5050.52,185977525,207707023061.0,0.95,0.1,4.95,0.52
2024-03-12,5085.99,5046.26,5086.85,5033.68,217887020,248604088588.0,1.04,-0.86,-44.02,0.61
2024-03-13,5037.81,5005.98,5037.81,4988.01,179525776,203697487932.0,0.99,-0.8,-40.28,0.5
2024-03-14,5001.2,5011.88,5043.41,4993.84,179407211,201389869317.0,0.99,0.12,5.9,0.5
2024-03-15,5005.74,5033.83,5035.8,4986.92,184161942,190563987069.0,0.98,0.44,21.95,0.51
2024-03-18,5031.06,5057.4,5063.69,5024.45,204046316,226576678161.0,0.78,0.47,23.57,0.57
2024-03-19,5048.3,5014.8,5059.32,5013.23,193640564,204157215042.0,0.91,-0.84,-42.6,0.54
2024-03-20,5007.76,5036.2,5044.48,4995.41,163054249,171886813688.0,0.98,0.43,21.4,0.45
2024-03-21,5041.49,5042.22,5060.24,5028.95,162878281,176628730835.0,0.62,0.12,6.02,0.45
2024-03-22,5029.27,4997.75,5031.81,4963.46,182309882,193980833789.0,1.36,-0.88,-44.47,0.51
2024-03-25,4985.06,4996.1,5046.1,4981.44,181204616,190003860171.0,1.29,-0.03,-1.65,0.5
2024-03-26,5000.5,5022.88,5025.0,4985.5,163851002,172027649622.0,0.79,0.54,26.78,0.46
2024-03-27,5015.92,4995.25,5044.62,4995.25,163126340,168015255980.0,0.98,-0.55,-27.63,0.45
2024-03-28,4985.5,4993.92,5028.01,4962.73,175981276,179307318885.0,1.31,-0.03,-1.33,0.49
2024-03-29,4984.9,5036.98,5037.37,4984.36,167333040,166336603799.0,1.06,0.86,43.06,0.47
2024-04-01,5046.53,5082.82,5086.32,5046.53,190694170,198792129847.0,0.79,0.91,45.84,0.53
2024-04-02,5081.97,5088.31,5110.68,5074.25,185555601,186432474376.0,0.72,0.11,5.49,0.52
2024-04-03,5088.26,5091.7,5098.39,5063.45,183261984,186447564013.0,0.69,0.07,3.39,0.51
2024-04-08,5076.92,5081.8,5129.77,5057.91,217001352,217893426799.0,1.41,-0.19,-9.9,0.6
2024-04-09,5081.13,5057.9,5097.23,5042.16,173114811,168230451804.0,1.08,-0.47,-23.9,0.48
2024-04-10,5054.2,5042.87,5080.14,5022.21,177195268,176539288865.0,1.15,-0.3,-15.03,0.49
2024-04-11,5018.9,5057.87,5080.02,5010.03,179992498,179513950435.0,1.39,0.3,15.0,0.5
2024-04-12,5055.98,5019.94,5065.73,5012.15,171913537,177920597550.0,1.06,-0.75,-37.93,0.48
2024-04-15,5014.86,5123.07,5125.88,5000.41,252272590,239629574637.0,2.5,2.05,103.13,0.7
2024-04-16,5107.01,5084.66,5138.11,5063.1,250048078,233985024785.0,1.46,-0.75,-38.41,0.7
2024-04-17,5075.63,5171.11,5171.47,5055.19,229442026,218121484895.0,2.29,1.7,86.45,0.64
2024-04-18,5154.13,5189.18,5235.14,5150.36,237938223,237403234438.0,1.64,0.35,18.07,0.66
2024-04-19,5168.54,5189.48,5221.62,5168.12,213073948,213392067437.0,1.03,0.01,0.3,0.59
2024-04-22,5190.68,5137.3,5222.11,5134.99,209607266,211377684546.0,1.68,-1.01,-52.18,0.58
2024-04-23,5126.08,5076.35,5133.97,5068.95,192204416,189595778810.0,1.27,-1.19,-60.95,0.53
2024-04-24,5088.05,5099.76,5101.88,5061.37,168155592,169054658218.0,0.8,0.46,23.41,0.47
2024-04-25,5089.96,5126.53,5131.18,5079.5,155311244,156538460794.0,1.01,0.52,26.77,0.43
2024-04-26,5123.31,5156.63,5166.53,5103.34,254377880,264305705252.0,1.23,0.59,30.1,0.71
2024-04-29,5145.94,5183.59,5195.82,5126.26,291106108,301907571389.0,1.35,0.52,26.96,0.81
2024-04-30,5180.09,5170.86,5205.78,5167.38,245306891,247559510756.0,0.74,-0.25,-12.73,0.68
2024-05-06,5221.8,5216.46,5229.93,5200.35,258597248,280169954655.0,0.57,0.88,45.6,0.72
2024-05-07,5214.13,5218.68,5224.05,5192.78,205618310,213951309070.0,0.6,0.04,2.22,0.57
2024-05-08,5208.15,5196.83,5221.39,5193.8,172443098,175425240281.0,0.53,-0.42,-21.85,0.48
2024-05-09,5195.26,5238.52,5249.86,5195.26,192243625,198252528280.0,1.05,0.8,41.69,0.53
2024-05-10,5247.43,5279.99,5287.21,5232.62,209085537,206544237628.0,1.04,0.79,41.47,0.58
2024-05-13,5260.34,5299.36,5311.37,5238.92,215681380,225029337699.0,1.37,0.37,19.37,0.6
2024-05-14,5298.51,5281.67,5304.31,5268.07,179431848,189343023660.0,0.68,-0.33,-17.69,0.5
2024-05-15,5275.1,5251.19,5283.4,5247.71,167006382,170845017283.0,0.68,-0.58,-30.48,0.46
2024-05-16,5261.59,5282.4,5308.83,5258.13,205042870,209237421396.0,0.97,0.59,31.21,0.57
2024-05-17,5289.22,5358.53,5358.53,5271.01,212777148,210148280572.0,1.66,1.44,76.13,0.59
2024-05-20,5367.55,5378.63,5392.27,5352.59,239901043,244977480096.0,0.74,0.38,20.1,0.67
2024-05-21,5367.75,5373.81,5387.59,5355.31,181932209,178244544186.0,0.6,-0.09,-4.82,0.51
2024-05-22,5370.84,5383.29,5413.38,5367.99,199354353,195556541894.0,0.84,0.18,9.48,0.55
2024-05-23,5361.53,5316.9,5362.72,5304.91,191834528,184637807868.0,1.07,-1.23,-66.39,0.53
2024-05-24,5303.01,5278.36,5341.5,5275.7,165418338,163921635635.0,1.24,-0.72,-38.54,0.46
2024-05-27,5288.37,5345.5,5349.17,5288.37,175378313,180044840836.0,1.15,1.27,67.14,0.49
2024-05-28,5347.69,5316.69,5363.71,5309.16,168137970,165111634563.0,1.02,-0.54,-28.81,0.47
2024-05-29,5311.94,5314.66,5353.86,5299.14,153290156,151476089265.0,1.03,-0.04,-2.03,0.43
2024-05-30,5303.48,5268.77,5332.94,5256.5,160754607,166868957570.0,1.44,-0.86,-45.89,0.45
2024-05-31,5277.27,5255.8,5295.87,5255.8,146250564,150087424549.0,0.76,-0.25,-12.97,0.41
2024-06-03,5250.69,5238.15,5262.47,5210.52,197830655,187012787481.0,0.99,-0.34,-17.65,0.55
2024-06-04,5227.38,5272.03,5281.14,5217.4,170255132,169567767898.0,1.22,0.65,33.88,0.47
2024-06-05,5266.73,5218.41,5268.12,5215.53,154569439,153228344113.0,1.0,-1.02,-53.62,0.43
2024-06-06,5225.47,5215.17,5254.16,5202.95,191200711,189769955693.0,0.98,-0.06,-3.24,0.53
2024-06-07,5224.22,5232.64,5243.2,5198.49,169502738,169957993475.0,0.86,0.33,17.47,0.47
2024-06-11,5217.46,5149.17,5225.78,5136.08,178383135,182245672495.0,1.71,-1.6,-83.47,0.5
2024-06-12,5142.15,5158.74,5167.93,5113.68,151919799,162118131448.0,1.05,0.19,9.57,0.42
2024-06-13,5156.63,5116.38,5159.07,5105.11,154080504,162596331199.0,1.05,-0.82,-42.36,0.43
2024-06-14,5102.36,5141.32,5152.93,5096.98,205301714,215810618782.0,1.09,0.49,24.94,0.57
2024-06-17,5115.62,5099.24,5131.46,5092.64,166054504,178378178608.0,0.76,-0.82,-42.08,0.46
2024-06-18,5099.26,5127.62,5134.36,5085.12,146392393,160403201125.0,0.97,0.56,28.38,0.41
2024-06-19,5126.19,5123.85,5146.98,5119.1,132940431,147610436527.0,0.54,-0.07,-3.77,0.37
2024-06-20,5120.62,5088.2,5132.4,5082.87,145870815,150199348544.0,0.97,-0.7,-35.65,0.41
2024-06-21,5080.23,5084.37,5101.86,5061.64,133383196,143013682444.0,0.79,-0.08,-3.83,0.37
2024-06-24,5065.8,5045.06,5079.65,5025.75,155869004,161469331713.0,1.06,-0.77,-39.31,0.43
2024-06-25,5043.09,5042.87,5073.92,5021.29,146405765,150667565044.0,1.04,-0.04,-2.19,0.41
2024-06-26,5030.02,5059.75,5068.13,5009.95,142009462,133234858221.0,1.15,0.33,16.88,0.39
2024-06-27,5039.13,5026.86,5053.22,5015.45,150479727,140073291841.0,0.75,-0.65,-32.89,0.42
2024-06-28,5018.38,5060.13,5089.91,5017.95,174377761,167849853233.0,1.43,0.66,33.27,0.48
2024-07-01,5058.76,5124.62,5127.84,5058.76,165384674,156107624564.0,1.37,1.27,64.49,0.46
2024-07-02,5119.92,5139.22,5152.01,5119.92,157506655,155731159226.0,0.63,0.28,14.6,0.44
2024-07-03,5138.25,5124.09,5149.57,5116.49,132571667,136634319363.0,0.64,-0.29,-15.13,0.37
2024-07-04,5127.22,5090.34,5143.3,5088.2,145328886,136979999139.0,1.08,-0.66,-33.75,0.4
2024-07-05,5087.48,5050.39,5095.75,5020.6,150100325,151580800881.0,1.48,-0.78,-39.95,0.42
2024-07-08,5033.91,5009.38,5048.38,5001.45,151764472,151597869973.0,0.93,-0.81,-41.01,0.42
2024-07-09,4999.05,5053.04,5060.65,4970.22,170247581,171646368567.0,1.81,0.87,43.66,0.47
2024-07-10,5026.53,5014.58,5043.88,5009.54,165448021,166210599406.0,0.68,-0.76,-38.46,0.46
2024-07-11,5034.34,5045.71,5049.01,5020.39,174934797,179649362135.0,0.57,0.62,31.13,0.49
2024-07-12,5039.03,5064.14,5079.46,5036.74,165582330,162785268326.0,0.85,0.37,18.43,0.46
2024-07-15,5052.18,5078.88,5084.65,5043.86,147154011,141306490671.0,0.81,0.29,14.74,0.41
2024-07-16,5063.27,5070.42,5073.18,5046.99,143455939,146479873702.0,0.52,-0.17,-8.46,0.4
2024-07-17,5066.43,5073.28,5085.61,5056.59,153469131,168417878528.0,0.57,0.06,2.86,0.43
2024-07-18,5058.63,5091.87,5095.26,5029.22,143968639,157761977973.0,1.3,0.37,18.59,0.4
2024-07-19,5071.04,5087.6,5097.09,5041.3,151055915,169827077673.0,1.1,-0.08,-4.27,0.42
2024-07-22,5081.47,5046.6,5082.25,5014.83,153609935,170512877351.0,1.33,-0.81,-41.0,0.43
2024-07-23,5038.19,4994.12,5049.58,4994.12,158619139,163164564921.0,1.1,-1.04,-52.48,0.44
2024-07-24,4984.91,4983.96,5004.19,4962.39,167838141,150123026329.0,0.84,-0.2,-10.16,0.47
2024-07-25,4975.08,4958.93,4986.66,4929.93,151819439,153470241902.0,1.14,-0.5,-25.03,0.42
2024-07-26,4947.8,4941.91,4968.73,4915.19,143826904,147152661317.0,1.08,-0.34,-17.02,0.4
2024-07-29,4940.32,4959.23,4971.96,4922.96,133459835,136949952884.0,0.99,0.35,17.32,0.37
2024-07-30,4948.95,4938.49,4948.95,4918.36,128528537,135490076254.0,0.62,-0.42,-20.74,0.36
2024-07-31,4940.03,5009.04,5014.33,4934.34,207071839,211472820173.0,1.62,1.43,70.55,0.58
2024-08-01,5007.02,5000.62,5032.64,4994.66,168160790,167627188738.0,0.76,-0.17,-8.42,0.47
2024-08-02,4973.98,4959.08,4992.92,4955.58,144023922,144562039547.0,0.75,-0.83,-41.54,0.4
2024-08-05,4939.19,4903.22,4981.55,4903.08,171025046,174695951701.0,1.58,-1.13,-55.86,0.48
2024-08-06,4929.29,4889.98,4946.83,4856.49,145604532,147533012936.0,1.84,-0.27,-13.24,0.4
2024-08-07,4886.1,4891.21,4920.33,4876.0,123523850,125344001564.0,0.91,0.03,1.23,0.34
2024-08-08,4887.9,4902.39,4922.41,4874.05,128242161,124473980295.0,0.99,0.23,11.18,0.36
2024-08-09,4913.88,4898.82,4936.05,4898.82,139329954,122913946074.0,0.76,-0.07,-3.57,0.39
2024-08-12,4894.34,4884.48,4902.31,4876.05,118802642,103363619835.0,0.54,-0.29,-14.34,0.33
2024-08-13,4887.16,4899.59,4900.1,4867.13,112775791,103774924693.0,0.67,0.31,15.11,0.31
2024-08-14,4896.92,4871.14,4901.63,4869.34,103892060,100547748822.0,0.66,-0.58,-28.45,0.29
2024-08-15,4863.65,4930.1,4940.28,4853.25,132404334,125900840366.0,1.79,1.21,58.96,0.37
2024-08-16,4929.12,4938.91,4954.59,4922.23,125354196,114210279593.0,0.66,0.18,8.81,0.35
2024-08-19,4938.9,4979.94,4986.79,4938.52,134741090,119920172610.0,0.98,0.83,41.03,0.37
2024-08-20,4985.84,4941.67,4986.33,4922.73,135187366,119286222425.0,1.28,-0.77,-38.27,0.38
2024-08-21,4932.01,4917.53,4934.05,4897.87,119565543,105625667750.0,0.73,-0.49,-24.14,0.33
2024-08-22,4918.1,4912.39,4929.57,4906.8,125797728,116289310070.0,0.46,-0.1,-5.14,0.35
2024-08-23,4909.96,4937.4,4950.7,4906.41,113849085,109042909131.0,0.9,0.51,25.01,0.32
2024-08-26,4933.39,4934.71,4942.92,4914.5,122070059,115528803334.0,0.58,-0.05,-2.69,0.34
2024-08-27,4929.0,4917.53,4936.33,4904.54,120920595,112160496583.0,0.64,-0.35,-17.18,0.34
2024-08-28,4915.35,4890.75,4925.14,4876.55,119054476,114849744353.0,0.99,-0.54,-26.78,0.33
2024-08-29,4882.24,4825.69,4882.24,4825.69,157293874,142702377681.0,1.16,-1.33,-65.06,0.44
2024-08-30,4821.12,4847.56,4893.53,4812.99,232851116,221160784223.0,1.67,0.45,21.87,0.65
2024-09-02,4830.22,4801.55,4844.8,4799.93,198182189,177408709549.0,0.93,-0.95,-46.01,0.55
2024-09-03,4798.87,4777.84,4805.9,4760.41,158250180,139074251592.0,0.95,-0.49,-23.71,0.44
2024-09-04,4756.42,4741.92,4774.31,4739.38,135725822,121129566232.0,0.73,-0.75,-35.92,0.38
2024-09-05,4746.37,4755.66,4763.37,4732.83,121715111,111495978450.0,0.64,0.29,13.74,0.34
2024-09-06,4759.31,4732.05,4787.81,4730.24,115878650,107554678001.0,1.21,-0.5,-23.61,0.32
2024-09-09,4714.43,4664.04,4714.43,4650.73,136209941,128287534369.0,1.35,-1.44,-68.01,0.38
2024-09-10,4666.86,4664.6,4676.49,4627.46,128368513,114556878750.0,1.05,0.01,0.56,0.36
2024-09-11,4648.95,4613.04,4648.95,4595.86,123404447,115167495642.0,1.14,-1.11,-51.56,0.34
2024-09-12,4613.03,4617.88,4639.71,4608.69,114111726,110055516698.0,0.67,0.1,4.84,0.32
2024-09-13,4622.01,4606.0,4652.17,4605.62,112016164,112095641983.0,1.01,-0.26,-11.88,0.31
2024-09-18,4609.8,4646.42,4654.66,4592.61,113688828,107198592829.0,1.35,0.88,40.42,0.32
2024-09-19,4657.48,4685.4,4700.3,4619.16,159829347,153241750250.0,1.75,0.84,38.98,0.44
2024-09-20,4678.22,4697.72,4707.12,4662.53,144786429,139587620057.0,0.95,0.26,12.32,0.4
2024-09-23,4693.53,4730.34,4747.08,4690.4,121264065,119365880934.0,1.21,0.69,32.62,0.34
2024-09-24,4771.63,4932.27,4932.27,4766.54,251041668,248992608037.0,3.5,4.27,201.93,0.7
2024-09-25,5005.84,5021.03,5109.98,5005.84,302593176,292394757975.0,2.11,1.8,88.76,0.84
2024-09-26,5018.34,5231.15,5231.15,5012.62,314439338,303491316927.0,4.35,4.18,210.12,0.87
2024-09-27,5326.88,5345.34,5362.8,5247.94,269732427,280708757095.0,2.2,2.18,114.19,0.75
2024-09-30,5527.54,5724.42,5764.71,5460.05,623640863,670516990131.0,5.7,7.09,379.08,1.73
2024-10-08,6253.36,5926.5,6253.36,5753.85,754570808,855675761971.0,8.73,3.53,202.08,2.1
2024-10-09,5832.84,5505.5,5832.84,5505.5,564444252,695986213181.0,5.52,-7.1,-421.0,1.57
2024-10-10,5535.74,5667.1,5777.53,5506.48,474129409,530699992184.0,4.92,2.94,161.6,1.32
2024-10-11,5649.3,5558.5,5690.65,5509.66,325698476,357542992347.0,3.19,-1.92,-108.6,0.91
2024-10-14,5620.69,5690.66,5723.76,5586.82,363985052,402554856100.0,2.46,2.38,132.16,1.01
2024-10-15,5656.22,5551.14,5703.5,5551.14,298763235,323007160469.0,2.68,-2.45,-139.52,0.83
2024-10-16,5511.15,5605.98,5652.71,5510.87,279690755,292018328605.0,2.56,0.99,54.84,0.78
2024-10-17,5624.7,5510.29,5660.92,5510.29,272208250,285151936377.0,2.69,-1.71,-95.69,0.76
2024-10-18,5498.84,5607.86,5689.96,5440.13,356599882,421659495161.0,4.53,1.77,97.57,0.99
2024-10-21,5623.62,5604.7,5624.27,5555.73,324603466,403670803692.0,1.22,-0.06,-3.16,0.9
2024-10-22,5594.91,5635.47,5642.51,5590.8,254224985,306120398050.0,0.92,0.55,30.77,0.71
2024-10-23,5638.32,5674.87,5708.2,5630.74,309268833,353648766242.0,1.37,0.7,39.4,0.86
2024-10-24,5648.68,5629.03,5655.16,5603.66,232964083,262367632868.0,0.91,-0.81,-45.84,0.65
2024-10-25,5623.56,5643.42,5672.6,5623.56,272399262,306655880729.0,0.87,0.26,14.39,0.76
2024-10-28,5635.97,5672.77,5672.77,5602.12,316401737,326137649942.0,1.25,0.52,29.35,0.88
2024-10-29,5684.42,5622.89,5717.47,5617.44,317611661,353954589799.0,1.76,-0.88,-49.88,0.88
2024-10-30,5604.61,5584.93,5645.77,5558.2,305235073,331718129902.0,1.56,-0.68,-37.96,0.85
2024-10-31,5585.83,5600.11,5639.32,5549.99,367174133,394226528617.0,1.6,0.27,15.18,1.02
