symbol,code,name,trade,pricechange,changepercent,buy,sell,settlement,open,high,low,volume,amount,ticktime,per,pb,mktcap,nmc,turnoverratio
sh600000,600000,浦发银行,9.540,-0.11,-1.14,9.540,9.550,9.650,9.610,9.700,9.500,48821231,469147894,15:00:03,8.916,0.436,28001977.437078,28001977.437078,0.16633
sh600009,600009,上海机场,36.290,0.28,0.778,36.280,36.290,36.010,35.980,36.970,35.900,14688923,535301482,15:00:01,95.5,2.215,9030698.78286,6962947.595292,0.76557
sh600010,600010,包钢股份,1.900,-0.06,-3.061,1.890,1.900,1.960,1.950,1.980,1.890,655656071,1267917966,15:00:00,168.142,1.679,8626939.02712,5984453.02553,2.08164
sh600011,600011,华能国际,7.120,-0.09,-1.248,7.110,7.120,7.210,7.200,7.290,7.110,58154096,419137424,15:00:00,20.343,1.923,11177042.471608,7830369.462328,0.52878
sh600015,600015,华夏银行,7.080,0.0,0.0,7.080,7.090,7.080,7.080,7.190,7.040,42791703,304546401,15:00:01,4.784,0.386,11267769.355344,10894154.579964,0.2781
sh600016,600016,民生银行,3.770,0.0,0.0,3.770,3.780,3.770,3.770,3.820,3.750,184890670,699665405,15:00:00,5.236,0.301,16505971.775254,13369220.451301,0.52138
sh600018,600018,上港集团,6.020,0.08,1.347,6.010,6.020,5.940,5.940,6.080,5.910,56570896,341042763,15:00:01,10.578,1.071,14015381.887724,13975175.807908,0.24369
sh600019,600019,宝钢股份,6.580,0.03,0.458,6.570,6.580,6.550,6.540,6.640,6.520,67918264,448243920,15:00:01,12.185,0.727,14466288.402972,14382510.691472,0.31073
sh600023,600023,浙能电力,5.750,-0.01,-0.174,5.750,5.760,5.760,5.750,5.840,5.720,40402492,233729434,15:00:00,11.735,1.07,7710021.330675,7710021.330675,0.30131
sh600025,600025,华能水电,9.600,-0.2,-2.041,9.600,9.610,9.800,9.770,9.820,9.600,41657302,404239389,15:00:00,24.0,2.98,17280000.0,17280000.0,0.23143
sh600026,600026,中远海能,12.910,0.02,0.155,12.910,12.920,12.890,12.890,13.090,12.800,30481780,394998254,15:00:00,18.382,1.712,6159072.325945,4485936.325945,0.87723
sh600027,600027,华电国际,5.580,-0.11,-1.933,5.580,5.590,5.690,5.660,5.730,5.550,71127858,400893736,15:00:01,15.943,1.368,5706979.112214,4748762.763414,0.83578
sh600028,600028,中国石化,6.320,0.05,0.797,6.310,6.320,6.270,6.260,6.380,6.240,204662984,1293378082,15:00:00,12.515,0.939,76914288.700376,60022285.701072,0.2155
sh600029,600029,南方航空,6.260,0.21,3.471,6.260,6.270,6.050,6.050,6.350,6.040,138507881,865236543,15:00:03,-27.217,2.933,11343689.587384,7933511.558648,1.09291
sh600030,600030,中信证券,31.130,-1.54,-4.714,31.120,31.130,32.670,32.670,33.000,31.110,302257008,9658174454,15:00:01,23.946,1.769,46136362.278677,37905603.182062,2.48229
sh600031,600031,三一重工,18.230,-0.27,-1.459,18.230,18.240,18.500,18.440,18.700,18.210,62697956,1153942595,15:00:01,34.094,2.179,15449884.961451,15430265.470851,0.74074
sh600036,600036,招商银行,37.820,-0.24,-0.631,37.820,37.850,38.060,38.080,38.570,37.810,69927688,2671344642,15:00:01,6.718,0.952,95381456.062982,78018667.830478,0.33898
sh600039,600039,四川路桥,7.490,-0.12,-1.577,7.490,7.500,7.610,7.620,7.700,7.480,35074358,266337589,15:00:01,7.202,1.436,6525485.589945,5018365.436385,0.52349
sh600048,600048,保利发展,10.110,-0.27,-2.601,10.110,10.120,10.380,10.310,10.410,10.110,124318433,1270504259,15:00:01,10.01,0.619,12102118.295598,12102118.295598,1.03854
sh600050,600050,中国联通,5.810,0.34,6.216,5.800,5.810,5.470,5.400,6.020,5.400,1682048511,9724362938,15:00:00,22.261,1.111,18476137.742272,17991043.993272,5.43198
sh600061,600061,国投资本,7.790,-0.27,-3.35,7.780,7.790,8.060,8.060,8.110,7.770,70477996,558855738,15:00:00,21.639,0.983,5005319.804645,5005319.804645,1.09688
sh600085,600085,同仁堂,41.010,-0.99,-2.357,41.010,41.020,42.000,41.980,42.300,41.000,11215455,464778131,15:00:00,33.698,4.334,5624399.544462,5624399.544462,0.81777
sh600089,600089,特变电工,13.930,-0.37,-2.587,13.930,13.940,14.300,14.180,14.340,13.920,56421517,797135417,15:00:01,5.831,1.091,7038540.009613,7038540.009613,1.11664
sh600104,600104,上汽集团,17.270,0.55,3.289,17.270,17.280,16.720,16.200,17.990,15.850,285097372,4773901138,15:00:00,14.086,0.683,19990542.141515,19990542.141515,2.46298
sh600111,600111,北方稀土,23.320,-0.81,-3.357,23.320,23.330,24.130,24.090,24.240,23.310,81232752,1927464066,15:00:01,35.56,3.856,8430333.543544,8430333.543544,2.24706
sh600115,600115,中国东航,3.940,0.05,1.285,3.930,3.940,3.890,3.880,4.010,3.880,118067169,467748250,15:00:03,-10.649,4.444,8782770.84858,6743120.404442,0.68987
sh600132,600132,重庆啤酒,64.000,0.3,0.471,63.990,64.000,63.700,63.710,65.290,63.650,5035524,324545867,15:00:01,23.188,14.501,3097415.6672,3097415.6672,1.04046
sh600150,600150,中国船舶,36.890,-0.83,-2.2,36.890,36.900,37.720,37.600,38.210,36.890,60610936,2261232355,15:00:00,55.894,3.33,16498789.688262,16498789.688262,1.35521
sh600161,600161,天坛生物,21.940,-0.25,-1.127,21.940,21.950,22.190,22.160,22.300,21.940,13101451,289953412,15:00:01,32.746,4.077,4338352.952524,4338352.952524,0.66257
sh600176,600176,中国巨石,11.050,-0.24,-2.126,11.050,11.060,11.290,11.220,11.390,11.020,24768574,277996944,15:00:00,14.53,1.524,4423466.08444,4423466.08444,0.61873
sh600183,600183,生益科技,20.900,-0.4,-1.878,20.900,20.910,21.300,21.280,21.580,20.860,21666440,460070349,15:00:01,41.8,3.538,5077441.2557,4956098.26338,0.91368
sh600188,600188,兖矿能源,15.400,-0.01,-0.065,15.400,15.410,15.410,15.400,15.520,15.260,27531787,424047457,15:00:01,5.616,2.536,15461385.01908,9066245.46828,0.46766
sh600196,600196,复星医药,26.810,-0.25,-0.924,26.810,26.820,27.060,27.010,27.270,26.800,16811214,455191120,15:00:01,30.124,1.514,7161826.252665,5679668.539825,0.79355
sh600219,600219,南山铝业,4.170,-0.03,-0.714,4.170,4.180,4.200,4.210,4.260,4.170,81684860,344236624,15:00:01,13.9,0.982,4882466.537616,4882466.537616,0.69765
sh600233,600233,圆通速递,16.500,0.18,1.103,16.500,16.520,16.320,16.260,16.840,16.220,20752162,345057322,15:00:00,15.257,1.859,5684899.66605,5684899.66605,0.60232
sh600276,600276,恒瑞医药,47.700,-0.75,-1.548,47.690,47.700,48.450,48.270,48.700,47.700,33086981,1593427809,15:00:00,70.147,6.952,30427840.84698,30427840.84698,0.51869
sh600309,600309,万华化学,76.990,-1.08,-1.383,76.980,76.990,78.070,78.070,78.860,76.800,18863374,1460729289,15:00:01,14.364,2.594,24172909.273574,24172909.273574,0.60079
sh600332,600332,白云山,28.890,-0.29,-0.994,28.890,28.900,29.180,29.170,29.370,28.890,6699899,195274619,15:00:01,11.579,1.297,4696910.051661,4061618.951661,0.47656
sh600346,600346,恒力石化,14.930,-0.11,-0.731,14.930,14.940,15.040,15.030,15.200,14.800,21119266,317269159,15:00:00,15.235,1.714,10509375.980498,10509375.980498,0.30003
sh600362,600362,江西铜业,21.800,-0.21,-0.954,21.800,21.810,22.010,22.100,22.300,21.800,16664176,367513494,15:00:01,11.596,0.995,7548750.1029,4524039.3429,0.803
sh600372,600372,中航机载,12.800,-0.33,-2.513,12.790,12.800,13.130,13.110,13.210,12.780,44344441,576072508,15:00:03,29.291,1.672,6193787.6864,6088706.30144,0.93223
sh600406,600406,国电南瑞,26.210,-0.21,-0.795,26.210,26.230,26.420,26.210,26.790,25.910,26045987,686194822,15:00:01,29.122,4.57,21054031.908438,20927334.435394,0.32621
sh600415,600415,小商品城,11.510,-0.3,-2.54,11.500,11.510,11.810,11.780,12.060,11.470,61475955,720030238,15:00:00,23.49,3.195,6311676.460826,6296238.097826,1.12383
sh600426,600426,XD华鲁恒,22.640,-0.19,-0.832,22.630,22.640,22.830,22.840,23.050,22.630,16360593,373284163,15:00:01,13.404,1.562,4807075.72956,4789929.5746,0.7733
sh600436,600436,片仔癀,244.590,-3.37,-1.359,244.550,244.590,247.960,246.200,249.400,244.000,1836844,453683726,15:00:01,52.713,10.524,14756535.63939,14756535.63939,0.30446
sh600438,600438,通威股份,26.550,-2.35,-8.131,26.550,26.560,28.900,28.740,29.250,26.510,105016808,2893618030,15:00:00,8.806,2.412,11952764.841105,11952764.841105,2.33268
sh600460,600460,士兰微,29.780,-1.4,-4.49,29.780,29.790,31.180,31.010,31.460,29.780,79997583,2445221489,15:00:00,-1489.0,4.109,4955605.95441,4955605.95441,4.80734
sh600489,600489,中金黄金,12.570,0.01,0.08,12.570,12.580,12.560,12.610,12.970,12.560,84191696,1072102137,15:00:00,20.607,2.286,6093071.892948,6093071.892948,1.73687
sh600515,600515,海南机场,3.940,-0.02,-0.505,3.930,3.940,3.960,3.960,4.100,3.920,128629909,516292885,15:00:00,47.242,1.923,4501571.983188,3615348.928152,1.40181
sh600519,600519,贵州茅台,1559.000,-14.8,-0.94,1559.000,1559.010,1573.800,1569.000,1583.800,1553.000,3376112,5295326892,15:00:00,26.206,8.239,195841237.02,195841237.02,0.26876
sh600547,600547,山东黄金,24.840,0.09,0.364,24.840,24.850,24.750,24.820,25.280,24.820,29692919,742458507,15:00:01,59.143,4.58,11111998.9401,8978277.273948,0.82151
sh600570,600570,恒生电子,29.820,-1.84,-5.812,29.810,29.820,31.660,31.340,32.150,29.810,94799819,2929099724,15:00:01,39.76,6.873,5648339.71905,5648339.71905,5.00489
sh600584,600584,长电科技,43.190,0.1,0.232,43.190,43.200,43.090,43.880,46.450,43.010,108336661,4826996862,15:00:01,52.671,2.881,7728481.52783,7728481.52783,6.05431
sh600585,600585,海螺水泥,25.670,-0.48,-1.836,25.670,25.690,26.150,26.150,26.290,25.670,14901588,387715559,15:00:01,13.03,0.733,13603309.720293,10267236.520293,0.37257
sh600588,600588,用友网络,13.000,-0.1,-0.763,12.990,13.000,13.100,12.980,13.640,12.950,78546437,1044103613,15:00:00,-44.828,5.085,4442096.6317,4442096.6317,2.2987
sh600600,600600,青岛啤酒,73.350,0.35,0.479,73.350,73.360,73.000,73.000,75.280,72.140,5889121,434758390,15:00:01,23.367,3.358,10006383.43998,5200741.966905,0.83059
sh600660,600660,福耀玻璃,57.380,0.13,0.227,57.380,57.390,57.250,57.100,58.300,56.660,13998918,805371033,15:00:00,26.565,4.484,14974708.386616,11493135.573016,0.6989
sh600674,600674,川投能源,16.670,-0.17,-1.01,16.670,16.680,16.840,16.840,16.940,16.670,23879493,401151316,15:00:00,16.9,1.932,8125969.582276,8125969.582276,0.48988
sh600690,600690,海尔智家,29.590,-0.34,-1.136,29.580,29.590,29.930,29.830,30.160,29.070,50083195,1487942141,15:00:01,16.531,2.54,27764040.555306,18507068.740105,0.80075
sh600732,600732,爱旭股份,15.100,-0.32,-2.075,15.100,15.110,15.420,15.390,16.180,14.760,88888762,1360118815,15:00:00,35.952,4.517,2759969.50172,2411617.38053,5.56564
sh600741,600741,华域汽车,16.920,0.08,0.475,16.910,16.920,16.840,16.750,17.090,16.650,34690842,585948850,15:00:01,7.395,0.887,5334408.980928,5334408.980928,1.10035
sh600745,600745,闻泰科技,42.930,-2.67,-5.855,42.930,42.940,45.600,45.540,45.850,42.850,42821870,1888549229,15:00:01,45.189,1.484,5340932.654985,5340932.654985,3.44199
sh600760,600760,中航沈飞,50.450,-1.68,-3.223,50.450,50.460,52.130,51.860,52.690,50.450,44147696,2277620330,15:00:01,46.284,8.713,13902504.043085,13847197.221585,1.60845
sh600795,600795,国电电力,4.760,-0.04,-0.833,4.750,4.760,4.800,4.800,4.830,4.750,115487669,552475984,15:00:03,15.159,1.479,8489754.683032,8489754.683032,0.64751
sh600803,600803,新奥股份,19.030,-0.16,-0.834,19.030,19.040,19.190,19.350,19.410,19.030,8599001,165506984,15:00:00,8.274,2.6,5893757.716121,5404265.159755,0.3028
sh600809,600809,山西汾酒,216.820,-4.39,-1.985,216.820,216.830,221.210,220.020,222.830,216.100,6672259,1464591123,15:00:01,25.321,7.812,26451264.261404,26451264.261404,0.54692
sh600837,600837,海通证券,11.620,-0.39,-3.247,11.620,11.630,12.010,12.000,12.110,11.610,102660593,1217666635,15:00:01,145.25,0.942,15180600.4,11218681.43116,1.06333
sh600845,600845,宝信软件,28.650,-0.35,-1.207,28.640,28.650,29.000,28.980,29.620,28.610,22227982,646062698,15:00:00,26.454,7.411,8263833.518325,6077106.85749,1.04792
sh600875,600875,东方电气,15.680,-0.19,-1.197,15.680,15.690,15.870,15.850,16.000,15.670,22195227,351016829,15:00:03,13.754,1.271,4888239.148576,3172540.764512,1.09698
sh600886,600886,国投电力,15.390,-0.03,-0.195,15.380,15.390,15.420,15.400,15.590,15.290,25638854,396363408,15:00:00,17.581,2.036,11471982.707583,10720479.081033,0.36806
sh600887,600887,伊利股份,29.290,-0.32,-1.081,29.280,29.290,29.610,29.570,29.950,29.230,48275045,1429803457,15:00:00,17.86,3.316,18645903.591345,18553661.924111,0.7621
sh600893,600893,航发动力,41.900,-1.81,-4.141,41.900,41.910,43.710,43.500,43.720,41.770,27511159,1172771369,15:00:00,79.057,2.805,11168839.85722,11166872.73602,1.03227
sh600900,600900,长江电力,27.100,-0.32,-1.167,27.100,27.110,27.420,27.370,27.490,27.100,93580893,2550153940,15:00:00,24.344,3.151,66308870.01036,65059665.12313,0.3898
sh600905,600905,三峡能源,4.670,-0.02,-0.426,4.670,4.680,4.690,4.680,4.740,4.660,123661838,581066817,15:00:01,18.613,1.561,13365882.092444,13349595.016322,0.4326
sh600918,600918,中泰证券,6.880,-0.22,-3.099,6.870,6.880,7.100,7.100,7.130,6.880,44281499,310819628,15:00:03,28.667,1.289,4794414.520128,2733293.155472,1.11461
sh600919,600919,江苏银行,8.990,-0.04,-0.443,8.990,9.000,9.030,9.030,9.150,8.950,124183526,1124427536,15:00:01,5.32,0.71,16497840.692237,16497840.692237,0.6767
sh600926,600926,杭州银行,13.980,-0.13,-0.921,13.980,13.990,14.110,14.090,14.230,13.900,30273050,426112378,15:00:01,6.052,0.784,8386781.120148,7682073.086148,0.55092
sh600938,600938,中国海油,25.660,-0.49,-1.874,25.660,25.670,26.150,26.190,26.190,25.540,77767956,2008192481,15:00:03,9.869,1.697,121961861.92294,7292191.854798,2.73652
sh600941,600941,中国移动,105.030,1.37,1.322,105.030,105.040,103.660,103.400,108.000,103.220,26765828,2821185464,15:00:00,17.05,1.703,225639128.02703,7967815.972101,3.52821
sh600958,600958,东方证券,10.800,-0.48,-4.255,10.790,10.800,11.280,11.200,11.390,10.790,98944215,1095682244,15:00:00,36.0,1.203,9176376.91536,8029410.7032,1.33085
sh600989,600989,宝丰能源,15.760,0.3,1.94,15.760,15.770,15.460,15.510,15.980,15.420,31034130,490561857,15:00:01,20.468,2.794,11557375.36,11557375.36,0.42319
sh600999,600999,招商证券,19.800,-0.79,-3.837,19.790,19.800,20.590,20.550,20.660,19.790,48991878,990181027,15:00:01,21.064,1.552,17219123.07588,14695570.43856,0.66009
sh601006,601006,大秦铁路,6.800,0.07,1.04,6.790,6.800,6.730,6.720,6.850,6.700,120537792,818222612,15:00:03,8.608,0.807,12415559.43588,12415559.43588,0.66019
sh601009,601009,南京银行,10.280,-0.1,-0.963,10.280,10.290,10.380,10.350,10.450,10.260,36381289,376681025,15:00:01,6.119,0.722,11063120.674092,9900341.380756,0.37776
sh601012,601012,隆基绿能,18.520,-0.67,-3.491,18.520,18.530,19.190,19.190,19.380,18.500,142101284,2694306667,15:00:00,13.042,2.254,14034539.634468,14034525.659276,1.87517
sh601021,601021,春秋航空,56.260,1.02,1.846,56.230,56.260,55.240,55.250,56.640,55.120,4857400,272887032,15:00:01,24.355,3.108,5505315.57693,5505315.57693,0.49639
sh601059,601059,信达证券,15.580,-0.71,-4.359,15.580,15.590,16.290,16.280,16.380,15.570,31782105,507515622,15:00:01,33.87,2.752,5052594.0,1077512.8,4.59545
sh601066,601066,中信建投,28.300,-1.0,-3.413,28.300,28.310,29.300,29.300,29.530,28.280,33379074,962858183,15:00:01,36.282,2.956,21951446.27551,10786154.51094,0.87578
sh601088,601088,中国神华,40.140,0.53,1.338,40.130,40.140,39.610,39.580,40.400,39.200,41347455,1652894760,15:00:00,13.362,1.922,79752239.09937,66195026.35137,0.25073
sh601100,601100,恒立液压,54.020,-2.63,-4.643,54.010,54.020,56.650,56.300,56.970,54.020,10928089,599219363,15:00:00,29.043,4.807,7243114.998784,7243114.998784,0.81503
sh601111,601111,中国国航,7.670,0.27,3.649,7.660,7.670,7.400,7.380,7.760,7.380,180414059,1379615323,15:00:01,-109.571,3.139,12727383.351982,8926429.966558,1.5502
sh601117,601117,中国化学,8.470,-0.03,-0.353,8.470,8.480,8.500,8.500,8.740,8.460,85548817,735018165,15:00:01,9.517,0.856,5174382.766014,5140934.905414,1.40947
sh601138,601138,工业富联,23.920,-0.95,-3.82,23.910,23.920,24.870,24.800,25.130,23.900,151761884,3712560403,15:00:00,22.566,3.311,47524039.337424,47514592.303256,0.76401
sh601166,601166,兴业银行,18.050,-0.14,-0.77,18.040,18.050,18.190,18.170,18.340,18.050,71365943,1297804346,15:00:00,5.142,0.498,37497614.606405,37497614.606405,0.34353
sh601169,601169,北京银行,5.590,0.03,0.54,5.590,5.600,5.560,5.550,5.650,5.520,147492273,826063507,15:00:00,5.274,0.444,11818928.208048,11818928.208048,0.69759
sh601186,601186,中国铁建,9.370,-0.04,-0.425,9.360,9.370,9.410,9.400,9.550,9.370,63267545,598544942,15:00:01,5.416,0.492,12724030.3855,10778541.0335,0.55
sh601211,601211,国泰君安,19.580,-0.7,-3.452,19.580,19.590,20.280,20.200,20.450,19.580,64249687,1285136044,15:00:01,19.98,1.15,17433504.55396,14646472.152048,0.85892
sh601225,601225,陕西煤业,23.530,0.09,0.384,23.520,23.530,23.440,23.440,23.780,23.220,36212616,854883857,15:00:01,10.744,2.403,22812335.0,22812335.0,0.37352
sh601229,601229,上海银行,7.880,0.01,0.127,7.880,7.890,7.870,7.850,7.990,7.800,56017644,443534595,15:00:01,5.15,0.494,11194860.74316,10911928.777376,0.40453
sh601236,601236,红塔证券,8.560,-0.29,-3.277,8.560,8.570,8.850,8.850,8.920,8.560,36736334,320979964,15:00:03,122.286,1.7,4037570.307152,4037570.307152,0.77884
sh601238,601238,广汽集团,8.770,-0.09,-1.016,8.770,8.780,8.860,8.800,9.000,8.670,46750063,411513011,15:00:01,20.881,0.798,9087491.380386,6456692.515951,0.635
sh601288,601288,农业银行,4.700,0.01,0.213,4.700,4.710,4.690,4.690,4.750,4.650,513685557,2421716445,15:00:00,6.528,0.647,164492025.92031,150044779.06519,0.16091
sh601318,601318,中国平安,55.800,-1.2,-2.105,55.800,55.810,57.000,56.900,57.480,55.800,78059714,4413936480,15:00:00,11.529,1.119,101613109.10706,60055629.9381,0.72528
sh601319,601319,中国人保,7.220,-0.17,-2.3,7.220,7.230,7.390,7.390,7.440,7.220,72865643,534812800,15:00:00,14.157,1.184,31929721.200926,25629380.252926,0.20527
sh601328,601328,交通银行,7.120,-0.01,-0.14,7.110,7.120,7.130,7.120,7.190,7.050,130092376,928179078,15:00:00,6.191,0.555,52875061.37124,27946615.17868,0.33144
sh601336,601336,新华保险,50.370,-1.96,-3.745,50.360,50.370,52.330,51.900,52.450,50.200,23280761,1197356157,15:00:01,18.054,1.726,15713156.2242,10504357.95558,1.11635
sh601360,601360,三六零,12.640,1.15,10.009,12.640,0.000,11.490,11.300,12.640,11.300,257810596,3227982389,15:00:00,-180.571,2.896,8847441.159056,8847441.159056,3.68324
sh601377,601377,兴业证券,6.510,-0.16,-2.399,6.500,6.510,6.670,6.680,6.770,6.500,96347513,638542389,15:00:01,28.304,1.042,5622027.728394,5622027.728394,1.11565
sh601390,601390,中国中铁,6.570,-0.06,-0.905,6.570,6.580,6.630,6.610,6.710,6.570,97256429,646380093,15:00:00,5.077,0.548,16261163.789769,13415578.729497,0.47629
sh601398,601398,工商银行,6.050,-0.02,-0.329,6.050,6.060,6.070,6.060,6.110,6.030,384523275,2337086119,15:00:00,6.173,0.603,215625785.53884,163115388.58609,0.14262
sh601600,601600,中国铝业,7.980,0.03,0.377,7.980,7.990,7.950,7.930,8.150,7.910,149878608,1206002482,15:00:01,20.409,2.059,13690886.129382,10472233.593318,1.1421
sh601601,601601,中国太保,35.060,-0.64,-1.793,35.060,35.070,35.700,35.600,36.000,35.060,30954389,1101016801,15:00:00,12.389,1.234,33728917.14123,23998715.34123,0.45222
sh601607,601607,上海医药,20.600,-0.49,-2.323,20.590,20.600,21.090,20.870,21.040,20.550,26115041,541096704,15:00:03,20.196,1.077,7631804.52056,3981935.45456,1.35103
sh601618,601618,中国中冶,3.380,-0.06,-1.744,3.380,3.390,3.440,3.420,3.460,3.380,113105113,387391783,15:00:01,10.242,0.686,7004583.27946,6034185.27946,0.63355
sh601628,601628,中国人寿,44.680,-1.07,-2.339,44.670,44.680,45.750,45.540,46.180,44.680,14523791,655561291,15:00:00,59.573,2.228,126286701.94,93039532.04,0.06975
sh601633,601633,长城汽车,28.700,1.22,4.44,28.700,28.710,27.480,27.490,29.450,27.240,73759416,2106089341,15:00:00,35.0,3.185,24524251.9711,17741852.1861,1.19316
sh601658,601658,邮储银行,5.250,0.06,1.156,5.250,5.260,5.190,5.190,5.300,5.160,213700687,1120934638,15:00:01,6.325,0.626,52059564.91995,35239257.48,0.31837
sh601668,601668,中国建筑,6.050,-0.04,-0.657,6.050,6.060,6.090,6.090,6.140,6.050,197496312,1203850629,15:00:00,4.618,0.563,25174245.07862,24998836.21862,0.47796
sh601669,601669,中国电建,5.820,-0.02,-0.342,5.820,5.830,5.840,5.830,5.940,5.810,152150909,895478701,15:00:00,8.527,0.735,10025624.732388,7607628.0447,1.16399
sh601688,601688,华泰证券,18.510,-0.62,-3.241,18.500,18.510,19.130,19.060,19.310,18.490,117223628,2212729309,15:00:01,13.711,1.045,16709536.522131,13501806.166422,1.60705
sh601689,601689,拓普集团,51.090,-2.57,-4.789,51.090,51.100,53.660,52.010,53.180,51.000,30072389,1563734489,15:00:01,26.2,4.616,8613902.455587,8613902.455587,1.78363
sh601698,601698,中国卫通,23.350,-2.11,-8.288,23.350,23.360,25.460,24.000,25.300,22.910,235599542,5549828922,15:00:00,282.688,6.295,9863939.93702,9863939.93702,5.57713
sh601699,601699,潞安环能,15.010,-0.08,-0.53,15.010,15.020,15.090,15.050,15.230,14.880,16701414,251936375,15:00:01,5.664,0.957,4490105.2092,4490105.2092,0.55831
sh601728,601728,中国电信,6.700,0.14,2.134,6.700,6.710,6.560,6.500,6.970,6.500,396164776,2674444022,15:00:00,20.303,1.367,61309782.92833,13569292.50594,1.95611
sh601766,601766,中国中车,8.130,-0.13,-1.574,8.130,8.140,8.260,8.220,8.330,8.110,103064473,844926864,15:00:00,19.829,1.427,23332176.503544,19778499.813024,0.42365
sh601788,601788,光大证券,19.790,0.74,3.885,19.780,19.790,19.050,19.050,20.300,18.900,215163960,4196097596,15:00:00,23.56,1.575,9124748.737581,7731357.002381,5.50756
sh601799,601799,星宇股份,137.700,-3.34,-2.368,137.700,137.710,141.040,140.000,142.000,137.600,990862,138315232,15:00:03,35.603,4.047,3933805.59963,3933805.59963,0.34684
sh601800,601800,中国交建,10.940,-0.07,-0.636,10.930,10.940,11.010,10.980,11.270,10.910,78669168,871875299,15:00:01,7.871,0.632,17808800.89895,12851475.55495,0.66968
sh601808,601808,中海油服,15.450,0.15,0.98,15.450,15.460,15.300,15.300,15.680,15.210,11264919,174622873,15:00:03,24.466,1.706,7372109.64,4573923.06,0.38051
sh601816,601816,京沪高铁,5.660,0.13,2.351,5.650,5.660,5.530,5.520,5.760,5.510,271508768,1534469542,15:00:01,24.075,1.391,27794270.289826,27794270.289826,0.5529
sh601818,601818,光大银行,3.450,-0.01,-0.289,3.450,3.460,3.460,3.450,3.500,3.410,220437461,762967735,15:00:00,5.565,0.429,20384515.116045,16010351.368545,0.47501
sh601838,601838,成都银行,15.760,-0.05,-0.316,15.760,15.770,15.810,15.830,16.060,15.680,34086327,542638904,15:00:01,5.236,0.847,6010809.279704,5999182.878696,0.89546
sh601857,601857,中国石油,8.030,0.0,0.0,8.030,8.040,8.030,8.030,8.100,7.980,185354660,1489484687,15:00:01,9.125,0.986,146965845.18785,130023428.48785,0.11447
sh601865,601865,福莱特,25.810,0.51,2.016,25.810,25.820,25.300,25.000,26.420,24.840,29939262,770385176,15:00:01,20.815,2.774,6047075.278539,4904066.523539,1.5757
sh601868,601868,中国能建,2.400,-0.03,-1.235,2.400,2.410,2.430,2.420,2.450,2.400,317419304,771118094,15:00:01,13.333,0.97,10005879.27264,7782894.63264,0.97882
sh601872,601872,招商轮船,6.770,0.01,0.148,6.770,6.780,6.760,6.740,6.930,6.720,69532425,475780835,15:00:01,11.283,1.478,5513356.900981,5513356.900981,0.85381
sh601877,601877,正泰电器,22.580,-0.43,-1.869,22.580,22.590,23.010,22.980,23.070,22.580,13306049,303464699,15:00:00,13.052,1.163,4852371.947808,4852371.947808,0.61918
sh601878,601878,浙商证券,13.190,-0.31,-2.296,13.190,13.200,13.500,13.470,13.790,13.180,184164111,2497790270,15:00:01,28.674,2.072,5652921.635739,5652921.635739,4.29711
sh601881,601881,中国银河,15.730,-0.77,-4.667,15.730,15.740,16.500,16.710,17.140,15.700,155724178,2536444940,15:00:00,23.478,1.61,17199814.748688,11393895.920979,2.14987
sh601888,601888,中国中免,70.720,-1.37,-1.9,70.710,70.720,72.090,72.020,72.500,70.710,21290032,1523964891,15:00:00,21.793,2.698,14630971.159168,13807907.047168,1.09041
sh601898,601898,中煤能源,12.770,0.17,1.349,12.760,12.770,12.600,12.640,12.880,12.480,37042270,472893387,15:00:01,8.687,1.133,16931313.1618,11687104.5108,0.40475
sh601899,601899,紫金矿业,15.620,0.01,0.064,15.620,15.630,15.610,15.600,16.100,15.520,186356748,2954520861,15:00:00,19.525,3.132,41514662.52428,32108929.722232,0.90657
sh601901,601901,方正证券,8.730,-0.26,-2.892,8.730,8.740,8.990,8.950,9.080,8.710,104974991,936336604,15:00:00,33.577,1.528,7186624.517835,7186624.517835,1.27519
sh601916,601916,浙商银行,2.850,-0.01,-0.35,2.850,2.860,2.860,2.860,2.890,2.840,146815798,420493452,15:00:01,5.0,0.46,7827421.249455,6140164.249455,0.68146
sh601919,601919,中远海控,14.510,0.13,0.904,14.510,14.520,14.380,14.490,14.830,14.420,143862157,2105346839,15:00:00,9.804,1.041,23158946.85412,18516066.07412,1.12737
sh601939,601939,建设银行,7.920,0.0,0.0,7.920,7.930,7.920,7.910,8.000,7.860,154750853,1230319991,15:00:01,6.046,0.634,198008694.16891,7598176.823952,1.61305
sh601985,601985,中国核电,9.920,0.06,0.609,9.920,9.930,9.860,9.860,10.030,9.790,129901383,1289714930,15:00:01,17.906,1.956,18732218.588064,18732218.588064,0.68792
sh601988,601988,中国银行,4.860,0.02,0.413,4.860,4.870,4.840,4.830,4.900,4.790,269925729,1311011436,15:00:01,6.568,0.608,143072466.54313,102432040.21516,0.12807
sh601989,601989,中国重工,4.990,-0.08,-1.578,4.990,5.000,5.070,5.050,5.090,4.990,161996029,815644225,15:00:01,-146.765,1.349,11378215.626676,11378215.626676,0.71045
sh601995,601995,中金公司,37.330,-1.76,-4.502,37.320,37.330,39.090,39.010,40.170,37.200,56218159,2156039836,15:00:01,32.803,2.016,18020149.888244,10913583.92852,1.92295
sh601998,601998,中信银行,6.560,-0.06,-0.906,6.560,6.570,6.620,6.630,6.660,6.480,57817511,381268903,15:00:00,5.165,0.526,35185512.300768,25422813.387856,0.14919
sh603019,603019,中科曙光,72.530,-4.33,-5.634,72.530,72.540,76.860,76.000,76.900,71.980,151540109,11220648890,15:00:00,57.563,5.533,10613052.950652,10579310.544052,10.38934
sh603195,603195,公牛集团,74.000,-0.41,-0.551,73.990,74.000,74.410,74.120,75.120,73.330,2323886,172657871,15:00:01,16.972,6.439,9564338.6948,9519816.1138,0.18064
sh603259,603259,药明康德,52.870,-1.53,-2.813,52.870,52.880,54.400,53.980,54.450,52.870,53373584,2858876964,15:00:00,16.168,2.767,15268816.781034,13222345.175984,2.13416
sh603260,603260,合盛硅业,59.000,-0.59,-0.99,58.990,59.000,59.590,59.590,60.590,58.750,3977488,236411825,15:00:00,26.339,2.138,6975020.9519,6975020.9519,0.33645
sh603288,603288,海天味业,46.110,-0.15,-0.324,46.110,46.120,46.260,46.110,47.270,46.090,12459261,581619201,15:00:01,45.653,8.729,25639929.108384,25639929.108384,0.22406
sh603296,603296,华勤技术,63.840,1.84,2.968,63.800,63.840,62.000,61.900,66.150,60.880,16779327,1064275044,15:00:00,16.085,3.0,6485445.71808,1554880.904976,6.88922
sh603369,603369,今世缘,46.330,-0.66,-1.405,46.330,46.340,46.990,46.960,47.730,46.270,6573265,308500388,15:00:00,18.419,3.841,5812098.5,5812098.5,0.52397
sh603392,603392,万泰生物,72.160,-1.59,-2.156,72.160,72.170,73.750,73.310,74.090,72.140,3458646,252689461,15:00:01,72.889,7.348,9129125.937184,9129125.937184,0.27338
sh603501,603501,韦尔股份,107.630,-2.7,-2.447,107.620,107.630,110.330,110.010,111.650,107.150,20544015,2245189059,15:00:01,229.0,5.83,13070877.930156,13070877.930156,1.69166
sh603659,603659,璞泰来,18.410,-1.54,-7.719,18.410,18.420,19.950,19.540,19.700,18.360,58935785,1122829309,15:00:00,19.379,2.133,3934521.449852,3933110.698916,2.75865
sh603799,603799,华友钴业,33.630,-1.19,-3.418,33.630,33.640,34.820,34.450,34.930,33.630,48056321,1648919699,15:00:00,16.405,1.669,5707727.58804,5671145.21034,2.84975
sh603806,603806,福斯特,16.750,-0.86,-4.884,16.750,16.760,17.610,17.550,17.780,16.730,31073326,534234609,15:00:00,16.919,2.754,4369632.5521,4369632.5521,1.19113
sh603833,603833,欧派家居,66.640,-4.76,-6.667,66.630,66.640,71.400,71.080,71.760,65.500,5933511,400029431,15:00:01,13.382,2.252,4059392.39328,4059392.39328,0.97406
sh603899,603899,晨光股份,30.210,-0.58,-1.884,30.200,30.210,30.790,30.730,31.030,30.210,5177770,157803645,15:00:00,18.224,3.244,2790885.65682,2790885.65682,0.56047
sh603986,603986,兆易创新,89.590,-2.63,-2.852,89.580,89.590,92.220,92.260,94.230,89.150,21198816,1949320157,15:00:01,373.292,3.73,5965549.084595,5955364.556108,3.18906
sh603993,603993,洛阳钼业,7.460,0.02,0.269,7.460,7.470,7.440,7.440,7.630,7.410,146202325,1101095614,15:00:00,19.632,2.553,16113033.474918,13178666.346918,0.8276
sh605117,605117,德业股份,94.520,-1.39,-1.449,94.520,94.530,95.910,94.190,97.950,92.370,13738365,1309391346,15:00:00,22.667,6.502,6098050.439052,5757805.660812,2.25529
sh605499,605499,东鹏饮料,215.710,0.18,0.084,215.710,215.960,215.530,215.530,221.250,213.880,2004098,436430064,15:00:00,42.302,15.972,11217200.423,11217200.423,0.38539
sh688008,688008,澜起科技,68.730,-2.97,-4.142,68.730,68.740,71.700,71.620,72.300,68.500,36291210,2565298847,15:00:00,171.825,7.476,7852661.68083,7852661.68083,3.17637
sh688009,688009,中国通号,6.620,-0.02,-0.301,6.610,6.620,6.640,6.640,6.780,6.600,46618840,312634889,15:34:59,20.688,1.572,7010460.178,5707113.916,0.54076
sh688012,688012,中微公司,212.200,-22.8,-9.702,212.200,212.210,235.000,232.000,235.000,211.700,19987820,4413421914,15:34:59,73.426,7.045,13203190.92758,13203190.92758,3.21242
sh688036,688036,传音控股,94.620,1.1,1.176,94.620,94.640,93.520,92.990,98.000,92.080,12575586,1199764169,15:34:59,13.753,5.318,10789997.14065,10789997.14065,1.10278
sh688041,688041,海光信息,121.900,-4.8,-3.788,121.890,121.900,126.700,126.210,128.610,121.900,23103805,2891839474,15:34:59,225.741,14.293,28333681.32929,10807132.03639,2.60601
sh688082,688082,盛美上海,108.540,-5.99,-5.23,108.540,108.600,114.530,114.190,115.500,108.410,2776694,311116058,15:00:00,51.933,6.592,4734010.772802,823436.452368,3.66006
sh688111,688111,金山办公,287.880,-15.12,-4.99,287.880,287.890,303.000,300.020,315.200,286.000,10560806,3170829791,15:00:00,100.657,12.439,13315188.210684,13315188.210684,2.28329
sh688126,688126,沪硅产业,22.060,-1.22,-5.241,22.060,22.070,23.280,23.130,23.480,22.030,30038911,683447647,15:34:59,324.412,4.682,6060272.872316,6000978.268194,1.10425
sh688187,688187,时代电气,49.800,-0.22,-0.44,49.790,49.800,50.020,49.850,50.840,49.780,4682827,235558545,15:34:59,22.74,1.734,7029469.75776,1391022.62874,1.6765
sh688223,688223,晶科能源,8.440,-0.31,-3.543,8.430,8.440,8.750,8.750,8.800,8.430,48016683,415028536,15:00:01,11.405,2.62,8444390.060936,2623700.172936,1.54462
sh688256,688256,寒武纪,453.680,-15.32,-3.267,453.030,453.680,469.000,474.900,483.000,450.000,9397802,4391637847,15:00:01,-219.169,36.859,18939177.970104,18939177.970104,2.2512
sh688271,688271,联影医疗,135.000,-2.88,-2.089,135.000,135.150,137.880,137.000,140.200,135.000,3827517,527553442,15:00:00,56.25,5.787,11126132.838,8009536.176,0.64512
sh688303,688303,大全能源,26.970,-1.25,-4.429,26.960,26.970,28.220,28.020,28.460,26.950,12728988,353098393,15:34:59,9.989,1.38,5784897.017355,1489924.517355,2.30415
sh688363,688363,华熙生物,60.800,-1.7,-2.72,60.800,60.810,62.500,62.690,63.180,60.780,3569773,221494082,15:00:01,49.431,4.173,2928603.71136,2928603.71136,0.74111
sh688396,688396,华润微,52.800,-0.61,-1.142,52.780,52.800,53.410,53.900,55.420,52.800,12751056,693385523,15:00:00,47.118,3.164,6988169.78112,6988169.78112,0.96342
sh688599,688599,天合光能,23.800,-0.8,-3.252,23.800,23.810,24.600,24.760,25.190,23.750,27809718,682919189,15:00:03,9.333,1.826,5186889.31404,5186889.31404,1.27605
sh688981,688981,中芯国际,94.910,-1.96,-2.023,94.910,94.920,96.870,96.870,98.700,94.900,71066743,6874215101,15:34:59,155.59,5.237,75687040.052813,18871516.493339,3.57414
sz000001,000001,平安银行,11.440,-0.1,-0.867,11.440,11.450,11.540,11.500,11.610,11.420,121578351,1399308729,15:00:00,5.084,0.528,22200370.418512,22200026.452032,0.62651
sz000002,000002,万 科Ａ,8.710,-0.24,-2.682,8.700,8.710,8.950,8.900,8.950,8.700,162873443,1436246400,15:00:00,8.456,0.444,10391647.949241,8463451.138415,1.67618
sz000063,000063,中兴通讯,32.940,-0.27,-0.813,32.930,32.940,33.210,33.180,34.160,32.890,181613775,6071856723,15:00:00,16.806,2.179,15756901.990578,13266107.07354,4.50951
sz000100,000100,TCL科技,4.920,-0.01,-0.203,4.910,4.920,4.930,4.900,5.070,4.890,731807983,3644900621,15:00:00,41.172,1.743,9239307.737364,8904279.207732,4.04356
sz000157,000157,中联重科,7.010,-0.16,-2.232,7.010,7.020,7.170,7.140,7.190,7.000,59445504,420860241,15:00:00,16.302,1.065,6083272.557436,4956427.554163,0.84075
sz000166,000166,申万宏源,5.440,-0.22,-3.887,5.440,5.450,5.660,5.630,5.720,5.440,155332090,866071090,15:00:00,30.222,1.321,13621729.84064,12259315.979904,0.68928
sz000301,000301,东方盛虹,9.960,0.22,2.259,9.960,9.970,9.740,9.850,10.470,9.420,148134620,1470259234,15:00:00,90.545,2.033,6584770.870068,5475024.78366,2.69482
sz000333,000333,美的集团,72.250,-1.39,-1.888,72.250,72.290,73.640,73.150,74.110,71.850,34282515,2496870647,15:00:00,14.655,2.648,55312238.024675,49770877.448225,0.49766
sz000338,000338,潍柴动力,13.910,0.37,2.733,13.900,13.910,13.540,13.520,14.050,13.500,141867195,1967258817,15:00:00,13.375,1.405,12138640.538011,6912105.397769,2.85495
sz000408,000408,藏格矿业,28.950,-0.37,-1.262,28.920,28.950,29.320,29.150,29.540,28.870,8994733,262518438,15:00:00,13.28,3.462,4575359.536335,4575311.768835,0.56914
sz000425,000425,徐工机械,7.720,-0.23,-2.893,7.710,7.720,7.950,7.920,7.970,7.710,83888827,654888223,15:00:00,17.156,1.55,9122080.223796,6268711.185348,1.0331
sz000538,000538,云南白药,58.940,-0.51,-0.858,58.930,58.940,59.450,59.410,59.810,58.900,8286784,491601241,15:00:00,25.738,2.595,10516443.782082,10428843.80629,0.46834
sz000568,000568,泸州老窖,144.100,-0.51,-0.353,144.100,144.110,144.610,144.610,148.000,142.700,16915818,2463502208,15:00:00,15.976,4.669,21211037.30823,21143649.46199,1.15286
sz000596,000596,古井贡酒,198.800,-4.06,-2.001,198.800,198.840,202.860,201.460,203.790,197.070,1976290,395864195,15:00:00,22.903,4.398,10508568.0,8122968.0,0.48367
sz000617,000617,中油资本,7.850,-0.48,-5.762,7.850,7.860,8.330,8.250,8.320,7.850,228160231,1847974059,15:00:00,20.128,0.973,9924032.077015,9924032.077015,1.80477
sz000625,000625,长安汽车,14.720,0.2,1.377,14.710,14.720,14.520,14.450,15.150,14.360,382098065,5630766598,15:00:00,12.8,2.01,14598249.456576,12088702.123776,4.65268
sz000651,000651,格力电器,43.120,-0.6,-1.372,43.110,43.120,43.720,43.650,43.860,42.890,42410752,1839025066,15:00:00,8.261,1.912,24153261.555192,23782604.255872,0.76895
sz000661,000661,长春高新,110.310,-1.67,-1.491,110.310,110.320,111.980,111.500,112.720,110.250,5827774,650615865,15:00:00,9.84,1.931,4437671.899659,4393412.019801,1.46324
sz000708,000708,中信特钢,12.170,-0.14,-1.137,12.160,12.170,12.310,12.250,12.390,12.160,13383470,164242585,15:00:00,10.77,1.568,6142389.692947,6142389.692947,0.26517
sz000725,000725,京东方Ａ,4.410,0.01,0.227,4.410,4.420,4.400,4.390,4.540,4.380,778116803,3472426459,15:00:00,73.5,1.277,16603641.804456,16251686.958906,2.11147
sz000733,000733,振华科技,47.480,-1.38,-2.824,47.470,47.480,48.860,48.450,49.130,47.470,10726006,517994398,15:00:00,9.26,1.824,2631196.458388,2629320.048788,1.93689
sz000768,000768,中航西飞,27.470,-0.86,-3.036,27.470,27.480,28.330,28.210,28.330,27.460,29386688,816877942,15:00:00,88.47,3.768,7641439.975037,7605468.010037,1.06141
sz000776,000776,广发证券,16.820,-0.54,-3.111,16.810,16.820,17.360,17.340,17.490,16.810,62795442,1077676026,15:00:00,20.265,1.084,12818669.450848,9956248.242448,1.06086
sz000786,000786,北新建材,29.290,-0.47,-1.579,29.290,29.300,29.760,29.690,29.770,29.180,10320969,304416102,15:00:00,14.041,1.968,4948568.469218,4781443.29674,0.63224
sz000792,000792,盐湖股份,18.430,-0.52,-2.744,18.420,18.430,18.950,18.800,19.090,18.420,52864124,990188455,15:00:00,12.385,2.856,10012791.706496,10012630.832869,0.97306
sz000800,000800,一汽解放,8.720,-0.06,-0.683,8.710,8.720,8.780,8.730,8.970,8.710,21604062,190277599,15:00:00,52.816,1.777,4292307.665472,4030723.468728,0.46738
sz000807,000807,云铝股份,14.760,-0.07,-0.472,14.760,14.770,14.830,14.830,15.100,14.720,26464941,394111982,15:00:00,12.947,1.828,5118705.12978,5118619.881924,0.76314
sz000858,000858,五 粮 液,151.290,-2.2,-1.433,151.280,151.290,153.490,153.480,154.130,150.550,25544269,3894476943,15:00:00,19.439,4.307,58724847.507645,58723605.447003,0.6581
sz000876,000876,新 希 望,9.740,-0.18,-1.815,9.730,9.740,9.920,9.890,9.950,9.730,24768400,244136436,15:00:00,243.5,2.076,4427589.313842,4394439.682596,0.54898
sz000895,000895,双汇发展,24.920,-0.01,-0.04,24.910,24.920,24.930,24.860,25.230,24.860,13677737,342408466,15:00:00,17.087,4.331,8633935.742796,8632596.370048,0.39484
sz000938,000938,紫光股份,26.420,-0.99,-3.612,26.410,26.420,27.410,27.280,27.740,26.400,91761534,2478738165,15:00:00,35.946,5.593,7556331.027108,7556331.027108,3.20836
sz000963,000963,华东医药,34.830,-0.48,-1.359,34.830,34.840,35.310,35.290,35.750,34.780,10967764,387584537,15:00:00,21.475,2.772,6110096.454684,6099069.067704,0.62634
sz000977,000977,浪潮信息,49.210,-3.19,-6.088,49.210,49.220,52.400,52.290,53.400,49.190,134724319,6860670164,15:00:00,41.689,3.832,7244376.935362,7235741.859822,9.16255
sz000983,000983,山西焦煤,8.330,0.0,0.0,8.320,8.330,8.330,8.310,8.420,8.270,29401088,245767450,15:00:00,6.782,1.288,4729025.182147,3865297.869657,0.63361
sz000999,000999,华润三九,48.100,-0.35,-0.722,48.090,48.100,48.450,48.120,49.300,48.050,9759080,474374109,15:00:00,16.586,3.009,6177476.67485,6135922.68562,0.76502
sz001289,001289,龙源电力,17.480,-0.33,-1.853,17.480,17.490,17.810,17.720,17.960,17.480,4758579,84249021,15:00:00,24.037,2.019,14612958.654672,233071.368204,3.56886
sz001965,001965,招商公路,11.650,0.18,1.569,11.650,11.660,11.470,11.480,11.840,11.380,37318462,436573619,15:00:00,11.04,1.234,7945693.06401,7945693.06401,0.54716
sz001979,001979,招商蛇口,10.810,-0.41,-3.654,10.810,10.820,11.220,11.130,11.250,10.800,100791061,1109985849,15:00:00,16.631,1.002,9794763.907337,8996662.984531,1.21106
sz002001,002001,新 和 成,22.410,-0.43,-1.883,22.410,22.420,22.840,22.780,23.000,22.410,16007077,363696326,15:00:00,25.759,2.523,6926723.384796,6845129.130564,0.52405
sz002007,002007,华兰生物,16.940,-0.25,-1.454,16.940,16.950,17.190,17.160,17.290,16.930,10770676,184603565,15:00:00,20.86,2.648,3097954.888644,2664319.166586,0.68481
sz002027,002027,分众传媒,7.250,-0.04,-0.549,7.240,7.250,7.290,7.270,7.490,7.240,95479555,703552538,15:00:00,21.694,6.629,10470594.80135,10470594.80135,0.66112
sz002049,002049,紫光国微,68.050,-3.14,-4.411,68.050,68.060,71.190,70.990,71.900,68.010,28427812,1984430484,15:00:00,22.748,4.816,5781677.04311,5780657.31386,3.34653
sz002050,002050,三花智控,23.820,-1.27,-5.062,23.820,23.830,25.090,24.720,24.900,23.750,95882723,2327335391,15:00:00,29.407,4.82,8890551.87237,8743011.978606,2.61229
sz002074,002074,国轩高科,23.330,-0.9,-3.714,23.330,23.350,24.230,24.010,24.330,23.330,33739848,804756574,15:00:00,44.019,1.668,4194752.808646,3116829.392707,2.52549
sz002129,002129,TCL中环,10.680,-0.6,-5.319,10.680,10.690,11.280,11.270,11.350,10.680,121616132,1340235378,15:00:00,12.538,1.245,4318047.645564,4314781.523208,3.01026
sz002142,002142,宁波银行,25.240,-0.46,-1.79,25.240,25.250,25.700,25.710,25.810,25.240,21088453,537434118,15:00:00,6.731,0.844,16667463.159008,16465561.803796,0.32326
sz002179,002179,中航光电,41.310,-0.84,-1.993,41.300,41.310,42.150,42.080,42.370,41.250,12304305,514205548,15:00:00,25.558,3.929,8756321.226876,8525187.889605,0.59622
sz002180,002180,纳思达,27.560,-1.22,-4.239,27.550,27.560,28.780,28.620,29.050,27.550,17309128,486519475,15:00:00,-6.271,3.775,3915327.63284,3756213.470204,1.27
sz002230,002230,科大讯飞,53.070,0.38,0.721,53.070,53.080,52.690,52.980,56.500,52.940,189928635,10385019896,15:00:00,189.536,7.441,12268373.319795,11593066.597002,8.69443
sz002236,002236,大华股份,17.700,0.22,1.259,17.700,17.710,17.480,17.390,18.420,17.390,110165741,1986868201,15:00:00,7.662,1.629,5827453.6413,3718784.52462,5.24347
sz002241,002241,歌尔股份,26.420,0.9,3.527,26.420,26.430,25.520,25.280,27.490,25.210,302250513,8006092895,15:00:00,82.563,2.805,9069551.45705,7993832.552116,9.98952
sz002252,002252,上海莱士,7.460,-0.08,-1.061,7.460,7.470,7.540,7.520,7.610,7.460,34894723,263224360,15:00:00,27.63,1.589,4951936.688402,4949553.050552,0.52594
sz002271,002271,东方雨虹,14.130,-0.52,-3.549,14.120,14.130,14.650,14.780,14.850,14.120,53913280,778508174,15:00:00,15.527,1.315,3442513.841064,2730231.412686,2.79022
sz002304,002304,洋河股份,89.450,-0.51,-0.567,89.450,89.460,89.960,89.800,91.330,88.700,9086036,818994531,15:00:00,13.454,2.519,13475151.18693,13441712.03976,0.60464
sz002311,002311,海大集团,46.890,-0.73,-1.533,46.890,46.900,47.620,48.160,48.480,46.890,6986059,330993366,15:00:00,28.247,3.516,7801323.60933,7795562.389767,0.42021
sz002352,002352,顺丰控股,42.920,-1.08,-2.455,42.920,42.930,44.000,43.750,44.000,42.870,25919148,1124923795,15:00:00,25.247,2.281,20671074.531036,20553402.548216,0.54125
sz002371,002371,北方华创,422.680,-26.63,-5.927,422.680,422.690,449.310,445.460,449.000,421.520,10810846,4688952725,15:00:00,57.411,7.762,22533981.125916,22514485.010916,2.02959
sz002410,002410,广联达,13.710,-0.83,-5.708,13.710,13.720,14.540,14.450,14.790,13.700,59884590,851658611,15:00:00,195.299,3.763,2264815.692882,2177654.110134,3.77019
sz002415,002415,海康威视,31.400,-0.23,-0.727,31.400,31.410,31.630,31.630,32.280,31.400,49872392,1587994394,15:00:00,20.658,3.774,28992242.74364,28592836.35446,0.54769
sz002459,002459,晶澳科技,16.400,-1.21,-6.871,16.400,16.410,17.610,17.510,17.660,16.390,83828153,1426474996,15:00:00,7.664,1.739,5427871.67236,5421807.20984,2.53565
sz002460,002460,赣锋锂业,38.930,-2.68,-6.441,38.930,38.940,41.610,41.000,41.150,38.790,76448290,3054909539,15:00:00,15.825,1.786,7852834.163647,4705553.951828,6.32472
sz002466,002466,天齐锂业,37.810,-2.15,-5.38,37.810,37.820,39.960,39.190,39.900,37.780,50457265,1952237980,15:00:00,8.497,1.426,6205458.805323,5581841.147,3.41785
sz002475,002475,立讯精密,39.300,-0.8,-1.995,39.290,39.300,40.100,39.900,40.320,39.300,77059914,3071696125,15:00:00,25.519,4.434,28419749.67531,28352185.15068,1.06816
sz002493,002493,荣盛石化,9.980,-0.07,-0.697,9.980,9.990,10.050,10.000,10.180,9.940,29175679,293292968,15:00:00,83.167,2.305,10105273.95,9479284.6875,0.30717
sz002555,002555,三七互娱,17.190,0.28,1.656,17.180,17.190,16.910,16.830,17.880,16.820,161279392,2813454544,15:00:00,14.325,3.026,3812508.699039,2758296.902067,10.0511
sz002594,002594,比亚迪,290.000,-4.75,-1.612,290.000,290.010,294.750,294.790,295.790,288.020,15323594,4471450174,15:00:00,28.101,5.427,84368709.795,33711267.964,1.31821
sz002601,002601,龙佰集团,18.780,-0.25,-1.314,18.770,18.780,19.030,19.000,19.130,18.770,17812405,337269176,15:00:00,13.609,1.877,4481458.734768,3734695.519158,0.8957
sz002603,002603,以岭药业,17.460,-0.26,-1.467,17.450,17.460,17.720,17.710,17.840,17.450,16426112,290517283,15:00:00,21.569,2.536,2917051.586496,2403036.364302,1.19349
sz002648,002648,卫星化学,18.670,-0.27,-1.426,18.670,18.680,18.940,18.840,19.030,18.630,19295490,363121521,15:00:00,13.148,2.26,6289261.50323,6285048.71108,0.57318
sz002709,002709,天赐材料,21.750,-0.56,-2.51,21.750,21.760,22.310,22.120,22.750,21.750,57281421,1271653607,15:00:00,21.97,3.223,4173444.190125,3012411.60525,4.13579
sz002714,002714,牧原股份,42.140,-0.97,-2.25,42.130,42.140,43.110,43.000,43.400,42.080,30596422,1305804963,15:00:00,-53.342,3.233,23030998.220454,16058362.719056,0.8029
sz002736,002736,国信证券,11.790,-0.49,-3.99,11.790,11.800,12.280,12.230,12.350,11.780,33960881,409415894,15:00:00,21.833,1.344,11333054.235483,10774694.490453,0.37161
sz002812,002812,恩捷股份,37.590,-1.68,-4.278,37.590,37.600,39.270,38.800,39.490,37.580,20858417,805219457,15:00:00,14.026,1.426,3651036.21981,3071521.233858,2.5527
sz002821,002821,凯莱英,83.060,-2.66,-3.103,83.060,83.230,85.720,85.160,86.660,83.000,3440384,291776920,15:00:00,13.268,1.838,3054266.563518,2729792.158546,1.04681
sz002841,002841,视源股份,41.890,0.6,1.453,41.890,41.900,41.290,41.100,42.880,40.650,10252086,430778021,15:00:00,21.264,2.311,2915613.307005,2183951.415887,1.96644
sz002916,002916,深南电路,105.120,-4.26,-3.895,105.120,105.130,109.380,108.900,112.220,105.000,6986708,760705160,15:00:00,38.505,3.79,5391368.64792,5369656.153968,1.36776
sz002920,002920,德赛西威,124.950,-5.63,-4.312,124.950,124.960,130.580,129.990,130.990,124.810,5528266,701967828,15:00:00,44.466,7.743,6934801.2195,6891150.624225,1.00238
sz002938,002938,鹏鼎控股,33.560,-0.69,-2.015,33.560,33.570,34.250,34.270,34.650,33.530,13424310,457785551,15:00:00,23.634,2.558,7781090.098496,7737237.907628,0.58227
sz003816,003816,中国广核,4.110,0.08,1.985,4.100,4.110,4.030,4.020,4.140,4.010,229037983,937637746,15:00:00,19.387,1.752,20754929.1621,16166679.2871,0.58228
sz300014,300014,亿纬锂能,49.300,-2.25,-4.365,49.300,49.310,51.550,50.970,51.660,49.210,36925697,1865694067,15:35:15,24.899,2.754,10085406.98021,9176872.80478,1.98372
sz300015,300015,爱尔眼科,15.090,-0.5,-3.207,15.090,15.100,15.590,15.590,15.720,15.070,123697870,1907982868,15:35:30,41.411,6.898,14074464.872955,11938334.637579,1.56354
sz300033,300033,同花顺,272.500,-45.46,-14.297,272.500,272.510,317.960,311.970,321.900,270.990,42075223,12326771535,15:35:30,104.406,21.601,14649600.0,7452591.08225,15.38458
sz300059,300059,东方财富,25.630,-1.78,-6.494,25.630,25.640,27.410,27.340,27.550,25.590,1139645601,30195067880,15:35:45,49.288,5.258,40458345.363425,34239831.264529,8.53074
sz300122,300122,智飞生物,29.530,-1.35,-4.372,29.520,29.530,30.880,30.680,31.110,29.530,39671535,1202062291,15:36:00,8.782,2.248,7068861.122891,4176446.350344,2.80502
sz300124,300124,汇川技术,58.380,-1.32,-2.211,58.380,58.390,59.700,58.990,60.300,58.320,24824570,1468964576,15:35:30,32.798,5.937,15717333.245544,13315508.45415,1.0884
sz300142,300142,沃森生物,15.590,-0.3,-1.888,15.590,15.600,15.890,15.880,16.110,15.590,27925448,443276953,15:36:00,59.481,2.6,2493384.375419,2430806.321207,1.791
sz300223,300223,北京君正,73.200,-4.91,-6.286,73.190,73.200,78.110,78.500,79.270,73.170,22437010,1709703623,15:36:00,65.615,2.961,3525091.74852,3071403.18468,5.34736
sz300274,300274,阳光电源,85.740,-3.55,-3.976,85.730,85.740,89.290,88.000,89.380,85.740,44520302,3871612312,15:35:15,13.481,5.204,17775714.749376,13632669.851526,2.80002
sz300308,300308,中际旭创,140.500,-8.31,-5.584,140.490,140.500,148.810,148.810,152.880,140.200,37995502,5538616905,15:35:15,50.179,8.917,15752389.45145,15675789.5399,3.40549
sz300316,300316,晶盛机电,36.880,-2.31,-5.894,36.880,36.890,39.190,39.600,39.900,36.780,32158865,1223330586,15:35:45,10.567,2.834,4829560.643336,4541976.436904,2.61124
sz300347,300347,泰格医药,62.390,-2.43,-3.749,62.380,62.390,64.820,64.780,65.500,62.390,9668155,615407586,15:35:45,26.662,2.562,5396414.12823,3557083.033514,1.69576
sz300408,300408,三环集团,35.530,-0.73,-2.013,35.530,35.540,36.260,36.280,36.610,35.530,14055673,508248734,15:35:30,43.329,3.527,6809315.159163,6643427.884401,0.75172
sz300413,300413,芒果超媒,27.630,-0.07,-0.253,27.620,27.630,27.700,27.990,29.240,27.600,30884052,879825310,15:35:45,14.542,2.29,5168801.611845,2822956.983954,3.02281
sz300418,300418,昆仑万维,46.460,0.81,1.774,46.450,46.460,45.650,47.010,50.660,46.250,135941191,6573118523,15:36:00,44.248,3.847,5721526.020884,5721526.020884,11.03871
sz300433,300433,蓝思科技,21.700,-0.7,-3.125,21.700,21.710,22.400,22.200,22.960,21.700,48272888,1079957953,15:35:30,35.574,2.286,10813261.42477,10775318.98128,0.97215
sz300442,300442,润泽科技,35.000,0.38,1.098,34.990,35.000,34.620,34.700,36.660,34.700,39477014,1415852795,15:35:45,33.981,6.407,6022021.7715,2148059.186,6.4323
sz300450,300450,先导智能,23.030,-1.51,-6.153,23.030,23.040,24.540,24.420,24.850,22.980,87465506,2081931526,15:35:45,20.325,3.018,3606873.467302,3591346.823239,5.60884
sz300454,300454,深信服,67.300,-2.0,-2.886,67.290,67.300,69.300,69.140,71.770,67.200,7158150,498418926,15:35:45,143.191,3.448,2826402.89176,1860052.17235,2.58995
sz300496,300496,中科创达,57.250,-1.77,-2.999,57.250,57.260,59.020,58.180,60.500,57.010,18654612,1099786279,15:35:00,56.287,2.747,2633568.808775,2101292.841975,5.08247
sz300498,300498,温氏股份,18.030,-0.28,-1.529,18.030,18.040,18.310,18.280,18.420,18.030,42206091,770005931,15:35:30,-18.574,3.117,11997015.841608,9806958.475368,0.77595
sz300628,300628,亿联网络,39.260,-1.4,-3.443,39.260,39.270,40.660,40.390,40.790,39.240,10011800,400884344,15:35:00,24.683,5.981,4961738.483052,2837962.112778,1.38502
sz300661,300661,圣邦股份,88.740,-3.15,-3.428,88.740,88.750,91.890,91.620,92.550,88.550,5761738,521717140,15:35:00,147.629,9.758,4188355.97751,4015679.686686,1.27325
sz300750,300750,宁德时代,265.560,-9.44,-3.433,265.560,265.570,275.000,269.500,275.000,265.560,35198317,9488134618,15:35:45,22.524,4.934,116909488.69086,103607319.41136,0.90218
sz300751,300751,迈为股份,130.800,0.25,0.191,130.780,130.800,130.550,128.830,136.500,126.570,5391562,707633582,15:35:00,39.757,4.907,3654617.47848,2529049.50972,2.78846
sz300759,300759,康龙化成,28.410,-1.03,-3.499,28.400,28.410,29.440,29.440,29.860,28.400,31326954,909544372,15:35:45,31.451,3.793,5077987.197777,4058605.396785,2.19287
sz300760,300760,迈瑞医疗,270.680,-5.92,-2.14,270.680,270.760,276.600,276.350,278.450,270.670,6078619,1661495320,15:35:00,28.318,8.847,32818363.652792,32818337.261492,0.50135
sz300782,300782,卓胜微,94.180,-4.54,-4.599,94.170,94.180,98.720,98.000,99.690,93.830,14020610,1352930405,15:35:15,44.792,4.931,5034191.400198,4215219.279794,3.1326
sz300832,300832,新产业,67.790,-0.86,-1.253,67.790,67.800,68.650,69.000,70.070,66.900,5128266,348602452,15:35:15,32.198,6.56,5326387.643515,4611126.818754,0.75393
sz300896,300896,爱美客,214.010,-10.6,-4.719,214.010,214.020,224.610,224.000,226.500,213.800,4895926,1073464269,15:35:00,24.885,8.71,6472468.14765,4461343.820869,2.34857
sz300919,300919,中伟股份,41.080,-1.55,-3.636,41.080,41.100,42.630,42.350,43.060,41.080,10561442,443550556,15:35:30,14.166,1.925,3849564.955912,3737531.526508,1.16083
sz300957,300957,贝泰妮,49.760,-0.96,-1.893,49.750,49.760,50.720,50.720,51.210,49.760,5460225,275747184,15:35:00,27.799,3.57,2107833.6,2107833.6,1.289
sz300979,300979,华利集团,65.880,-1.01,-1.51,65.860,65.880,66.890,66.700,67.250,65.880,1162200,77144769,15:35:15,24.044,4.698,7688196.0,7688145.6018,0.09959
sz300999,300999,金龙鱼,34.550,-0.84,-2.374,34.540,34.550,35.390,35.590,35.760,34.500,9632994,338264575,15:35:15,65.189,2.026,18731598.75688,1874845.720135,1.77519
sz301269,301269,华大九天,125.060,-6.93,-5.25,125.050,125.060,131.990,130.390,134.850,124.500,12711982,1644893516,15:35:45,338.0,13.845,6790029.750608,3280592.003676,4.84596
